frame,A_x,A_y,A_r,H_x,H_y,H_r,M_x,M_y,M_r,R_x,R_y,R_r
1,,,,1002,616,4,1007,682,8,757,574,6
2,,,,,,,1007,682,7,757,574,6
3,,,,1002,616,16,1006,681,6,,,
4,,,,,,,1006,678,8,,,
5,,,,,,,1006,672,7,,,
6,,,,1022,619,9,1006,663,7,,,
7,,,,1094,632,9,1007,655,6,,,
8,,,,,,,1008,650,7,757,573,5
9,,,,1262,665,4,1010,650,6,757,570,5
10,,,,,,,1012,652,6,758,563,5
11,,,,1486,715,6,1013,654,6,759,555,6
12,,,,,,,1015,656,6,758,547,8
13,,,,,,,1016,658,6,754,542,4
14,,,,1226,610,16,1017,659,6,752,539,4
15,,,,992,522,16,1018,660,6,754,539,9
16,,,,,,,1018,659,6,,,
17,,,,,,,1018,658,6,,,
18,,,,,,,1018,658,6,756,537,6
19,,,,,,,1020,658,6,,,
20,,,,,,,1020,657,4,,,
21,1457,636,4,,,,,,,1161,477,5
22,,,,830,464,17,1455,700,5,,,
23,1457,636,4,735,433,17,1728,726,5,,,
24,1457,636,4,,,,1879,741,5,,,
25,1457,635,4,,,,1945,747,5,,,
26,1457,635,4,,,,1958,749,5,,,
27,1457,635,4,,,,1937,747,6,,,
28,1456,635,4,690,421,17,1904,744,6,,,
29,1456,634,4,,,,1867,740,6,,,
30,1456,634,4,,,,1834,737,5,,,
31,1456,635,4,793,468,4,1807,735,5,996,510,4
32,1456,635,4,873,506,6,1785,733,6,,,
33,1456,635,4,929,535,6,1771,731,6,1353,461,4
34,1456,635,4,963,556,5,1760,731,6,1571,432,4
35,1456,635,4,982,568,6,1755,730,7,1686,416,4
36,,,,,,,,,,1731,410,4
37,1044,632,6,985,573,6,1162,687,5,1732,410,4
38,785,629,4,982,576,6,790,661,5,1709,414,4
39,654,635,4,,,,,,,1677,418,4
40,603,635,4,873,521,17,428,666,8,1643,423,4
41,608,639,7,803,484,17,240,674,8,1613,427,4
42,643,646,7,763,463,17,169,680,8,1589,430,4
43,691,656,8,743,452,17,172,684,8,1571,433,4
44,742,668,7,738,448,17,213,688,8,1558,434,4
45,788,681,7,741,449,17,270,690,8,1550,435,4
46,828,693,8,747,452,17,329,692,8,1546,436,4
47,860,708,6,756,456,17,380,693,8,,,
48,884,719,7,763,460,17,421,693,8,979,524,4
49,903,718,5,770,463,17,452,693,8,620,577,5
50,919,710,7,775,466,17,472,694,8,418,602,6
51,932,701,6,779,468,17,485,694,8,326,608,5
52,941,691,5,781,469,17,492,694,8,305,606,6
53,949,682,4,783,470,17,495,693,8,323,597,5
54,954,673,4,,,,,,,359,587,6
55,964,665,7,784,470,17,536,697,9,400,578,6
56,975,662,8,,,,523,695,5,439,570,6
57,985,660,9,,,,509,694,8,470,565,6
58,991,661,5,,,,499,693,7,,,
59,999,661,7,,,,492,693,8,1032,490,5
60,1008,662,7,,,,487,693,8,1388,443,5
61,1019,667,6,,,,484,693,8,1589,417,5
62,1028,674,6,784,470,17,483,693,7,1679,406,5
63,1036,682,4,785,470,17,512,694,6,,,
64,1044,689,5,,,,530,697,6,1757,402,4
65,1054,696,7,843,569,6,,,,1773,405,4
66,1065,704,6,,,,573,750,8,1753,410,4
67,1077,717,7,,,,598,782,9,1716,416,4
68,1085,732,6,876,645,8,,,,1676,422,4
69,1093,738,6,893,695,8,682,758,5,1638,426,4
70,1109,735,6,898,726,8,730,738,6,1606,430,4
71,1117,724,5,896,747,7,751,725,5,1582,433,4
72,1126,714,4,886,744,5,,,,1565,435,4
73,,,,878,730,8,681,761,8,1554,436,4
74,1144,706,4,868,714,11,627,784,8,1547,436,4
75,1156,699,5,861,702,6,589,798,7,1544,437,4
76,1174,692,4,854,683,11,554,802,5,1543,436,4
77,1186,685,5,847,673,9,534,802,4,1543,436,4
78,1191,681,7,839,664,9,525,801,5,,,
79,1192,680,6,832,662,8,,,,904,503,7
80,1190,680,5,834,657,8,603,758,8,504,545,7
81,1185,680,5,834,654,6,,,,286,567,7
82,,,,,,,651,730,8,194,575,7
83,,,,820,646,5,683,711,7,182,575,7
84,,,,811,641,5,,,,215,571,7
85,,,,803,638,5,586,688,10,266,564,7
86,,,,797,635,4,522,677,10,323,556,6
87,,,,791,631,4,500,681,9,375,549,6
88,,,,,,,491,688,4,,,
89,,,,,,,488,694,4,1075,483,4
90,,,,732,710,6,475,690,9,1520,442,4
91,,,,692,763,6,469,688,10,1771,419,4
92,,,,664,802,9,469,688,11,1887,410,5
93,,,,,,,483,698,4,1913,408,5
94,,,,,,,482,694,9,1889,411,5
95,,,,,,,499,694,4,1839,416,4
96,1152,657,5,,,,509,692,4,,,
97,1129,640,6,,,,,,,1136,463,4
98,,,,482,775,4,835,639,5,,,
99,,,,372,752,4,1042,603,4,680,488,4
100,,,,316,735,4,1157,581,5,414,500,5
101,,,,296,722,4,1208,569,4,283,504,4
102,,,,298,714,5,1219,564,4,243,502,4
103,1106,603,4,312,709,5,1207,564,4,257,498,4
104,1093,580,4,330,706,5,1184,567,4,298,493,4
105,1086,568,4,348,705,5,1158,571,4,349,490,4
106,,,,,,,1134,575,4,400,487,4
107,,,,538,736,4,1113,579,5,443,485,4
108,,,,,,,1097,583,6,477,485,4
109,1080,562,4,485,726,4,1086,586,5,502,485,5
110,1077,562,4,,,,1078,589,5,520,486,5
111,1075,566,5,620,748,4,1072,594,6,530,488,5
112,1074,572,6,,,,1068,598,5,535,492,5
113,1072,580,6,755,590,16,1064,602,4,535,497,4
114,,,,,,,,,,,,
115,1071,592,4,778,661,4,1060,611,4,1137,462,4
116,,,,,,,1057,619,4,1515,440,4
117,,,,818,584,5,,,,,,
118,,,,,,,898,728,5,1723,427,4
119,,,,619,636,4,,,,1813,422,4
120,1089,629,4,483,674,4,642,795,5,1828,421,4
121,1100,662,5,398,699,4,489,834,8,1801,422,4
122,1117,692,9,352,714,4,411,851,9,1754,424,4
123,1134,719,9,332,722,4,360,852,5,1703,427,4
124,1150,743,9,330,725,4,350,848,7,1656,429,4
125,1166,768,10,337,725,4,382,840,9,1617,431,4
126,1178,770,9,348,723,4,418,830,9,1588,433,4
127,1188,761,6,360,721,4,450,819,6,1567,433,4
128,1198,741,9,,,,477,812,8,,,
129,1205,721,7,588,711,9,496,807,7,1554,434,4
130,1213,698,9,733,692,9,486,807,10,1546,434,4
131,1221,679,8,813,676,7,503,803,9,,,
132,1227,663,7,848,659,8,515,801,8,892,483,6
133,1235,650,8,853,639,6,522,800,9,481,510,6
134,1243,640,9,844,624,10,523,801,8,251,524,6
135,1252,631,8,825,606,8,522,801,8,149,528,5
136,1262,625,9,805,596,11,520,800,6,127,527,5
137,1271,622,9,785,591,10,517,801,9,153,524,6
138,1280,622,9,768,585,12,514,800,5,199,518,6
139,1289,621,9,754,582,10,514,802,9,251,515,5
140,1297,622,9,744,576,7,513,803,9,298,512,5
141,1305,625,8,736,576,12,513,803,8,,,
142,1314,628,9,730,580,9,493,805,9,335,512,5
143,1322,633,8,726,580,10,481,807,9,363,513,6
144,1331,639,9,722,586,11,475,807,9,382,518,5
145,1340,645,8,719,591,13,473,808,9,393,522,5
146,1348,654,8,717,598,12,472,808,8,399,526,6
147,1356,663,8,714,608,10,495,803,7,,,
148,1364,674,7,711,617,13,490,804,9,398,537,5
149,1372,685,8,,,,507,802,10,395,547,6
150,1380,697,7,,,,496,804,9,392,557,6
151,1389,715,10,,,,510,803,8,388,565,4
152,1398,732,10,,,,497,803,6,384,575,5
153,1408,749,10,,,,513,801,9,380,580,4
154,1416,767,10,700,668,10,523,801,9,375,577,5
155,1423,784,10,691,708,9,507,802,7,370,570,5
156,1432,784,9,685,745,13,496,802,6,366,561,6
157,1441,775,9,679,781,12,511,800,6,361,552,5
158,1450,758,8,676,795,13,522,797,6,357,544,5
159,1461,740,9,673,796,13,528,799,10,353,535,4
160,1470,725,9,669,785,13,531,800,9,,,
161,1481,711,8,663,762,4,517,798,5,1052,471,4
162,1491,700,8,662,741,13,508,796,4,1493,432,4
163,1501,692,9,661,724,12,504,795,4,1738,412,4
164,1511,685,9,661,704,12,503,794,4,1847,403,4
165,1522,682,9,658,690,13,502,793,6,1868,403,4
166,1532,679,10,655,682,13,504,791,4,1838,407,4
167,1542,679,10,,,,516,796,9,1785,412,4
168,1552,681,9,,,,519,795,6,1727,418,4
169,1562,683,10,,,,521,798,7,1673,423,4
170,1572,689,10,641,681,6,527,800,10,1628,427,4
171,1581,695,10,,,,555,767,6,1594,431,4
172,1591,702,8,631,683,12,572,746,5,1570,433,4
173,1601,710,8,625,684,13,,,,1554,434,4
174,1609,721,10,618,693,11,559,766,6,1545,435,4
175,1618,732,9,614,699,10,550,779,6,,,
176,1627,745,8,609,713,12,547,786,6,811,505,5
177,1636,758,10,604,735,5,546,792,8,350,551,5
178,1640,766,10,606,751,8,546,796,7,95,577,5
179,1640,769,10,,,,545,799,7,-15,591,5
180,1638,770,10,593,785,6,535,801,9,-35,596,5
181,1634,773,9,,,,539,800,5,-3,598,6
182,1639,778,9,589,804,5,533,798,5,51,595,6
183,1641,783,9,600,813,5,530,798,8,,,
184,1642,785,7,,,,538,797,8,847,512,4
185,1633,786,6,480,768,5,537,795,6,1365,457,4
186,1636,784,7,,,,540,793,7,1668,424,4
187,1637,778,8,,,,,,,1817,408,4
188,1637,771,8,405,737,5,666,804,4,1863,403,4
189,1635,763,9,,,,,,,1848,404,4
190,1633,755,9,,,,894,708,5,1802,409,4
191,1632,749,8,512,765,5,1032,647,6,1745,414,4
192,1622,749,6,591,783,6,1101,615,5,1689,420,4
193,1625,749,5,646,793,6,1125,602,5,1642,425,4
194,1623,759,4,670,798,6,1122,602,5,1604,429,4
195,1621,766,5,684,800,6,1105,608,6,1577,431,4
196,1614,771,7,691,802,8,1082,615,6,1559,433,4
197,,,,,,,1059,623,7,1548,434,4
198,,,,537,754,5,1037,627,5,,,
199,,,,436,723,5,1021,631,4,1484,437,5
200,,,,376,706,5,1008,634,4,1446,439,5
201,,,,347,697,5,1000,636,4,1426,440,5
202,1617,769,4,,,,996,638,5,1419,440,5
203,1618,766,5,338,694,5,994,639,4,1419,440,5
204,1619,761,4,341,695,5,993,640,4,1423,440,5
205,1617,758,4,,,,992,639,4,1429,440,5
206,,,,531,746,7,993,639,5,1435,439,5
207,,,,656,778,7,995,638,4,1440,439,5
208,1521,685,4,730,794,5,997,637,5,1445,439,5
209,,,,,,,998,635,4,1448,439,5
210,,,,586,759,6,999,633,4,1450,439,5
211,,,,484,734,6,1000,631,4,1451,438,5
212,,,,,,,1001,628,4,1452,438,5
213,,,,644,574,17,1001,626,4,,,
214,1460,639,4,,,,,,,1510,437,4
215,,,,582,628,6,955,737,6,1546,436,4
216,,,,,,,926,807,6,1566,435,4
217,,,,,,,909,846,4,1575,435,4
218,,,,,,,,,,1576,435,4
219,,,,,,,947,748,4,1574,435,4
220,,,,704,518,16,973,679,4,1569,435,4
221,,,,,,,991,633,4,1564,435,4
222,,,,839,642,5,1000,607,4,1560,435,4
223,,,,,,,1004,594,4,1556,435,4
224,,,,,,,1004,589,4,1553,435,4
225,,,,918,729,6,,,,1551,435,4
226,,,,,,,762,647,4,1550,435,4
227,,,,897,594,16,610,689,7,1549,436,4
228,,,,872,505,17,525,714,7,,,
229,,,,847,453,16,,,,1549,436,4
230,1500,650,4,826,427,16,569,778,6,1549,435,4
231,1532,661,5,,,,613,815,6,1549,435,4
232,1556,670,5,809,418,17,650,833,6,1549,434,4
233,1571,677,5,,,,680,839,5,1549,434,4
234,1581,683,5,767,573,4,702,837,6,1549,434,4
235,1586,686,5,742,675,4,717,831,6,1549,435,4
236,1587,687,5,730,735,5,726,824,5,1549,435,4
237,1586,688,5,726,765,5,731,818,6,1549,435,4
238,1585,688,6,726,775,6,733,811,6,1549,435,4
239,1583,687,6,731,773,4,733,807,6,1550,435,4
240,1581,686,5,736,764,6,732,803,5,1550,435,4
241,1580,686,6,741,753,6,731,801,6,1550,435,4
242,1579,685,6,745,742,7,729,799,6,1550,434,4
243,1578,684,6,747,731,7,728,798,6,,,
244,1578,684,6,749,723,7,,,,1550,435,4
245,1578,684,5,,,,587,735,8,1550,435,4
246,1578,684,6,857,687,4,499,697,10,1550,435,4
247,1579,684,5,,,,449,676,8,1550,435,4
248,,,,925,665,4,427,666,8,1550,435,4
249,,,,962,652,4,422,664,8,1550,434,4
250,1506,655,4,978,646,4,428,666,8,1550,434,4
251,1460,637,4,,,,439,671,8,1549,434,4
252,1435,627,4,,,,452,678,9,1549,434,4
253,1423,623,4,982,645,4,435,698,16,1549,434,4
254,1421,622,4,,,,473,750,7,1549,434,4
255,1424,624,4,977,646,5,500,782,7,1549,434,4
256,1430,626,4,969,648,4,516,801,7,1549,434,4
257,,,,959,651,4,526,808,6,1549,434,4
258,1436,628,4,951,653,4,530,810,6,,,
259,1442,630,4,943,655,4,532,807,7,1492,437,5
260,1446,632,4,937,657,4,531,805,7,1456,438,5
261,1450,634,4,934,658,4,558,781,7,1436,439,6
262,1452,635,4,932,659,4,574,765,6,1428,440,6
263,,,,930,659,4,583,754,7,1426,440,6
264,1527,654,6,,,,568,772,9,1429,439,6
265,1567,669,4,823,686,6,577,761,8,1433,439,6
266,1592,669,7,758,700,6,582,755,9,1438,439,6
267,1601,664,7,726,703,6,584,750,5,1443,439,6
268,1600,656,7,715,699,9,584,747,5,1446,439,6
269,1594,644,7,718,690,6,584,746,6,1449,439,5
270,1585,632,7,729,677,7,561,769,5,1450,439,5
271,1576,618,7,743,661,7,536,784,9,1451,439,5
272,1569,604,7,755,644,7,554,771,6,1452,438,5
273,1564,589,8,766,626,7,567,759,5,,,
274,1561,575,8,774,607,9,,,,761,453,4
275,1559,563,8,780,586,9,523,719,10,327,459,4
276,1559,552,9,785,566,9,494,696,10,85,461,4
277,1559,543,9,787,547,9,478,683,10,-20,459,4
278,1559,536,9,789,529,9,471,678,10,-40,456,5
279,1560,531,9,790,513,9,469,677,10,-12,453,5
280,1561,527,9,792,501,10,470,679,10,38,450,4
281,1561,525,9,793,490,11,474,682,10,95,449,4
282,1561,525,9,794,482,11,477,686,11,148,448,4
283,1562,526,9,796,476,12,481,689,10,192,448,5
284,1562,528,9,796,474,11,481,689,9,225,450,4
285,1563,532,9,797,472,12,482,690,9,249,452,5
286,1563,536,8,799,472,13,484,692,10,263,455,4
287,1566,543,4,801,473,15,485,692,9,272,459,4
288,1565,549,8,803,484,5,487,693,9,281,454,5
289,1564,556,7,802,488,13,,,,290,443,5
290,,,,802,493,13,766,591,4,300,428,5
291,1520,536,7,802,503,11,939,522,4,310,412,5
292,1469,510,8,803,513,13,1033,478,4,320,396,4
293,1416,481,9,784,492,9,1071,452,4,329,382,4
294,1364,453,8,772,478,9,1074,439,4,340,369,5
295,1320,425,12,765,469,10,1057,432,4,350,358,4
296,1278,403,11,,,,1030,430,4,359,348,4
297,1241,386,11,850,402,9,1002,430,4,370,338,4
298,1207,372,10,917,349,10,974,430,4,381,329,4
299,1175,360,10,969,309,8,952,431,5,391,322,4
300,1145,352,10,1008,281,9,933,431,4,402,315,4
301,1118,345,9,1034,264,8,918,429,4,414,309,6
302,1093,339,8,,,,907,427,4,425,305,5
303,1069,335,8,686,500,5,897,425,5,437,302,6
304,1046,332,7,460,654,4,891,423,5,448,298,6
305,1023,330,7,,,,886,421,4,458,294,4
306,1003,329,7,,,,881,418,4,467,292,4
307,982,328,7,,,,877,416,4,,,
308,963,328,7,,,,872,416,4,1114,371,4
309,943,329,6,,,,,,,1518,422,4
310,925,330,7,,,,863,415,5,1740,451,4
311,906,332,7,,,,856,416,6,1836,464,4
312,888,333,7,328,744,5,850,416,6,1851,468,4
313,870,336,6,,,,844,418,7,1821,465,4
314,851,339,5,488,838,7,839,421,6,1770,460,5
315,834,343,4,615,882,5,834,425,6,1714,454,5
316,818,347,7,710,893,5,828,430,6,1664,448,4
317,803,351,8,778,887,4,823,436,6,1622,443,4
318,788,357,7,824,873,4,817,442,6,1590,440,5
319,773,364,7,,,,812,449,7,1568,437,5
320,758,372,7,598,806,4,805,456,7,1553,435,5
321,743,380,6,,,,800,465,7,1545,434,5
322,,,,450,757,4,794,475,7,,,
323,,,,361,725,4,787,485,6,1027,394,8
324,954,627,6,317,705,5,781,499,8,712,375,8
325,,,,302,695,5,774,511,5,547,373,9
326,831,563,4,,,,767,528,9,486,382,11
327,739,517,4,806,470,4,759,544,8,493,399,11
328,674,487,5,1136,337,4,752,561,7,536,422,7
329,630,471,4,1331,273,5,745,579,7,597,447,6
330,602,468,4,1427,257,6,740,594,4,662,472,6
331,584,473,4,1459,270,6,733,610,4,718,499,11
332,,,,1452,299,6,724,632,10,772,523,4
333,567,491,4,1426,335,4,718,655,13,811,549,8
334,555,510,5,1394,371,5,716,670,8,845,572,8
335,548,528,6,,,,716,665,9,862,569,10
336,,,,1138,617,5,722,644,8,870,548,9
337,,,,,,,733,616,9,872,516,9
338,,,,1199,584,4,742,588,6,868,483,7
339,538,519,4,1244,561,4,752,561,6,864,455,5
340,,,,,,,761,535,6,858,426,9
341,536,497,4,1039,718,8,770,512,6,853,399,9
342,538,474,4,908,814,9,779,492,7,848,377,8
343,542,453,4,,,,788,476,7,847,356,10
344,547,434,4,836,861,4,797,461,7,845,339,9
345,,,,804,877,6,805,450,7,845,326,9
346,,,,,,,811,441,7,845,315,9
347,,,,1008,630,6,817,433,7,845,305,9
348,550,400,5,1145,457,5,824,426,8,847,298,9
349,552,377,5,1228,345,5,831,420,8,849,293,7
350,554,362,4,1270,280,5,837,415,8,850,289,7
351,556,353,4,1284,248,4,843,411,8,852,287,7
352,556,348,4,1281,237,5,850,409,8,,,
353,,,,,,,856,408,8,1262,365,4
354,,,,1264,235,4,863,408,7,1521,417,4
355,553,339,4,,,,869,409,7,1664,447,4
356,551,336,4,1057,526,7,875,411,8,1726,461,4
357,549,336,5,,,,881,413,8,1738,466,4
358,549,338,5,863,525,17,887,416,8,1720,464,4
359,547,340,4,748,518,17,892,420,8,1689,460,4
360,548,344,6,689,507,17,898,425,8,1654,454,4
361,,,,670,497,17,904,430,8,1622,448,4
362,546,350,6,673,487,17,911,438,5,1596,444,4
363,545,354,5,688,479,17,917,446,6,1575,440,4
364,544,360,5,708,474,17,922,453,6,1561,437,4
365,543,367,6,728,470,17,928,463,6,1552,435,4
366,543,376,5,745,468,17,934,472,6,1547,434,4
367,542,384,4,759,466,17,940,483,6,,,
368,542,394,4,769,466,17,946,494,7,1143,390,8
369,,,,776,466,17,951,505,6,891,370,8
370,540,406,4,,,,955,518,5,752,366,8
371,539,420,5,780,466,17,960,533,8,694,376,9
372,537,433,5,782,466,17,966,549,8,686,392,9
373,536,446,4,,,,971,565,8,706,415,6
374,535,462,5,868,581,4,974,579,5,739,437,6
375,534,478,5,,,,978,594,6,776,459,6
376,,,,954,697,4,982,613,9,809,481,5
377,1073,583,4,1005,763,8,987,631,11,836,502,4
378,1413,647,4,1033,792,11,994,650,9,,,
379,1602,679,4,1046,798,10,999,653,7,1250,477,4
380,1685,691,4,1051,790,9,1003,639,10,1512,459,4
381,1700,691,4,1052,778,6,1004,619,4,1657,445,4
382,1677,683,4,,,,1006,590,9,1722,437,4
383,1636,673,4,1073,623,5,1010,560,9,1736,432,4
384,1590,663,4,,,,1013,535,6,1719,430,4
385,1549,654,4,1006,625,4,1017,510,6,1688,429,4
386,1515,647,4,959,631,4,1020,488,6,1654,429,4
387,,,,929,638,4,1022,469,6,1622,430,4
388,938,516,5,912,644,4,1026,451,6,1596,431,4
389,573,426,5,905,649,4,1029,436,6,1576,432,4
390,367,367,5,903,654,4,1032,422,7,1562,433,4
391,273,331,4,905,658,4,1035,411,7,1552,434,4
392,254,309,7,908,660,4,1038,401,6,1547,434,4
393,277,297,4,912,661,4,1042,392,6,,,
394,317,290,7,915,662,4,1045,384,6,1544,434,4
395,363,287,7,918,662,4,1048,377,7,1544,435,4
396,404,286,7,,,,1052,371,7,1544,435,4
397,437,283,5,836,548,17,1054,367,6,1545,435,4
398,463,281,5,784,477,17,1056,363,6,1546,435,4
399,481,281,5,756,437,17,1058,360,5,1547,435,4
400,,,,743,419,17,1062,357,8,1548,435,4
401,,,,741,416,17,1065,355,8,1549,435,4
402,,,,745,421,17,1070,354,7,1548,435,4
403,,,,752,429,17,1074,355,7,1549,435,4
404,,,,759,439,17,1078,356,7,1549,435,4
405,,,,765,447,17,1081,358,7,1550,435,4
406,,,,770,455,17,1083,361,8,1550,434,4
407,,,,774,460,17,1085,365,8,1550,434,5
408,,,,777,464,17,1087,369,7,,,
409,,,,779,467,17,1090,376,8,1550,434,5
410,,,,780,468,17,1092,382,6,1550,434,4
411,,,,,,,1095,389,6,1550,434,4
412,,,,984,605,12,1098,397,6,1550,434,4
413,484,283,5,1117,691,10,1101,406,6,1550,434,4
414,485,291,4,,,,1104,416,6,1550,434,4
415,483,300,6,983,602,17,1106,427,6,1550,434,4
416,479,311,5,884,537,17,1109,438,6,1550,434,4
417,476,324,6,818,493,17,1111,451,6,1549,434,4
418,473,338,5,777,466,17,1113,463,7,1549,434,4
419,470,352,4,755,452,17,1115,477,7,1549,435,4
420,467,368,5,747,446,17,1118,492,8,1549,435,4
421,,,,746,446,17,1120,504,7,1549,435,4
422,467,389,5,750,448,17,1123,521,8,1549,435,4
423,465,409,5,756,452,17,1125,538,8,,,
424,464,431,5,762,456,17,1128,556,9,1187,422,8
425,464,451,6,768,460,17,1130,570,6,959,423,7
426,462,472,7,772,463,17,1132,573,7,822,421,9
427,459,493,5,776,465,17,1131,566,6,747,415,9
428,469,499,5,778,466,17,1131,555,6,718,409,4
429,487,492,6,,,,1131,543,7,712,402,4
430,510,482,6,861,432,4,1130,530,6,713,397,5
431,535,472,4,908,411,5,1131,519,6,720,392,7
432,564,459,6,930,396,6,1130,512,6,726,386,8
433,592,450,4,933,383,6,1130,506,6,733,382,4
434,,,,925,375,6,1131,504,5,734,382,4
435,635,437,7,910,369,6,1131,503,6,731,381,4
436,670,431,6,891,363,4,1132,503,6,721,383,5
437,702,424,5,871,361,6,1133,504,5,709,385,6
438,730,425,6,854,359,7,1134,508,5,696,388,7
439,,,,837,358,7,1134,512,4,686,390,4
440,771,430,5,821,359,7,1135,517,5,672,395,6
441,804,435,6,803,360,5,1136,521,5,659,400,4
442,831,444,7,789,362,7,1138,526,4,648,405,4
443,859,451,7,776,366,7,1138,532,5,636,412,4
444,883,462,8,765,369,6,1138,538,4,625,420,4
445,910,471,5,751,376,7,,,,613,426,4
446,933,485,8,738,384,5,1140,549,5,602,434,4
447,957,498,8,719,392,7,,,,589,443,6
448,980,516,8,705,399,5,1140,557,6,580,449,5
449,1008,530,7,692,409,7,1139,555,6,576,443,6
450,1031,542,6,678,421,5,1135,543,4,576,428,6
451,1037,532,7,660,437,8,1131,527,4,578,410,6
452,1032,507,8,642,457,4,1126,509,5,580,392,4
453,1021,477,10,,,,1122,492,4,584,375,5
454,1007,446,11,634,453,5,1118,475,5,587,358,5
455,993,419,6,,,,1114,461,4,590,343,5
456,979,393,6,326,415,4,1110,449,5,592,330,5
457,968,369,7,135,389,4,1106,439,5,594,317,6
458,959,347,7,32,374,4,1102,429,5,596,306,5
459,950,330,7,-9,365,4,1099,422,5,596,297,5
460,942,314,9,-14,362,4,1095,414,5,597,290,5
461,935,303,7,1,362,4,1091,409,5,,,
462,929,293,7,27,363,4,1088,404,4,1100,367,5
463,924,284,7,54,365,4,1084,400,5,1416,417,5
464,,,,79,367,4,1081,397,5,1591,447,5
465,,,,99,370,4,1077,394,5,1668,462,5
466,,,,115,371,4,1073,392,5,1682,467,5
467,,,,125,373,4,1069,390,5,1660,466,5
468,,,,132,374,4,1066,390,5,1622,462,5
469,,,,136,374,4,1062,390,5,1579,457,5
470,,,,,,,1058,391,5,1540,452,5
471,,,,138,375,4,1055,393,5,1508,447,5
472,,,,138,375,4,1051,394,5,1483,444,5
473,,,,138,375,4,1047,397,5,1466,441,5
474,,,,137,375,4,1042,400,5,1455,439,5
475,,,,136,375,4,1038,405,5,1448,438,5
476,,,,135,375,4,1034,410,5,,,
477,,,,135,375,4,1031,416,6,1445,438,5
478,884,280,5,,,,1028,422,5,1444,438,5
479,859,284,6,514,429,17,1024,429,5,1445,438,5
480,844,294,5,752,464,17,1020,437,5,1446,438,5
481,836,306,5,884,483,17,1016,445,5,1447,438,5
482,832,320,5,,,,1012,455,5,1448,438,5
483,832,334,4,,,,1008,465,5,1450,438,5
484,829,355,6,,,,1004,476,4,1450,438,5
485,827,374,6,563,436,4,1001,487,5,1451,438,5
486,826,392,6,334,403,4,997,499,4,1451,439,5
487,824,409,6,186,382,4,994,511,4,1452,439,5
488,823,424,4,99,369,4,991,525,4,1452,439,5
489,821,442,7,56,363,4,987,541,6,1452,439,5
490,818,460,8,43,362,4,983,557,5,1452,440,5
491,815,480,6,48,362,4,980,574,5,,,
492,812,500,5,,,,976,591,5,1509,437,4
493,809,519,6,61,364,4,,,,1545,436,4
494,806,538,6,77,366,4,974,598,5,1565,435,4
495,803,552,5,93,369,4,974,596,5,1574,435,4
496,799,554,5,107,371,4,976,587,5,1576,435,4
497,795,547,4,118,372,4,,,,1573,435,4
498,789,533,4,126,373,4,686,656,8,1569,435,4
499,784,516,4,131,374,4,504,698,8,1564,434,4
500,778,500,5,,,,404,719,9,1559,435,4
501,771,485,4,134,375,4,360,728,8,1556,435,4
502,765,472,4,136,375,4,352,729,8,1553,435,4
503,759,464,6,136,375,4,365,725,8,1551,434,4
504,754,457,4,136,375,4,387,719,8,1550,434,4
505,,,,136,375,4,412,712,8,1549,433,4
506,745,450,4,135,375,4,434,706,8,,,
507,737,447,4,135,375,4,453,700,9,1046,420,5
508,,,,134,375,4,467,697,8,732,413,5
509,,,,134,375,4,453,709,17,562,410,6
510,,,,134,374,4,496,711,4,486,423,5
511,,,,134,374,4,,,,,,
512,,,,134,373,4,1099,663,5,461,455,8
513,,,,133,373,4,1476,632,5,470,480,9
514,,,,133,373,4,1682,613,4,493,502,7
515,,,,,,,1769,605,5,521,516,4
516,,,,681,412,6,1780,603,4,550,521,5
517,745,495,5,1038,446,7,,,,572,524,7
518,755,529,6,1243,472,4,1151,658,5,,,
519,765,552,5,1343,494,6,727,681,4,582,532,4
520,779,566,4,1368,505,8,,,,585,539,6
521,791,575,5,1352,511,7,711,659,4,588,543,6
522,805,584,7,1315,515,6,723,648,6,587,553,4
523,816,591,5,1270,517,7,750,647,6,582,563,5
524,,,,1228,522,7,781,649,6,577,570,6
525,,,,1193,527,7,810,658,6,,,
526,,,,1163,534,6,835,668,6,568,588,5
527,,,,1143,544,7,853,681,6,558,605,7
528,848,624,7,1132,554,9,867,695,6,,,
529,870,652,7,1127,564,5,875,710,6,546,630,5
530,887,675,6,1123,577,5,879,714,5,533,645,5
531,898,693,7,1122,594,9,879,708,5,521,643,6
532,905,704,5,1124,613,9,877,697,5,512,634,4
533,915,700,4,1127,631,9,875,682,7,502,617,5
534,,,,1129,651,9,873,669,4,494,600,5
535,929,679,7,1131,664,7,869,655,5,484,585,4
536,,,,1135,663,7,865,644,6,475,571,5
537,950,651,5,1141,653,7,862,634,6,465,559,5
538,,,,1146,635,9,859,625,9,457,548,5
539,,,,1150,618,6,855,620,9,448,540,7
540,,,,1153,600,7,,,,439,535,6
541,,,,1158,586,9,778,640,4,430,531,7
542,,,,1164,573,8,,,,421,528,7
543,994,614,4,1167,558,7,802,624,9,412,528,5
544,,,,1172,554,9,817,615,5,403,528,6
545,1027,587,7,1174,548,9,,,,,,
546,1050,572,6,1177,545,9,872,613,4,390,531,4
547,1065,566,7,1182,541,8,,,,380,533,6
548,1075,566,7,1186,540,12,861,611,8,370,534,6
549,1080,567,4,1190,541,9,851,611,7,362,538,6
550,1086,573,7,1192,543,10,842,614,7,356,542,7
551,1092,580,8,1197,547,9,836,618,8,347,549,5
552,,,,1202,550,10,830,623,6,340,556,4
553,1107,593,4,1205,556,10,826,630,7,334,563,5
554,1116,606,7,1209,563,8,822,636,7,329,571,4
555,1124,616,8,1213,570,7,819,644,6,321,580,7
556,1131,625,6,1217,579,9,816,652,5,314,590,6
557,1140,633,4,1222,589,10,814,661,5,307,603,7
558,1147,650,5,1226,600,9,813,670,5,300,614,6
559,1156,662,9,1229,612,8,811,679,6,292,625,4
560,1162,669,4,1233,629,9,810,686,5,,,
561,1172,683,8,1237,644,8,809,684,4,1023,523,4
562,1180,696,4,1241,664,11,807,677,5,,,
563,,,,1246,682,11,805,667,5,733,554,6
564,1196,693,6,1249,704,10,803,656,7,514,572,6
565,,,,1253,726,10,803,645,6,360,580,5
566,1213,678,7,1256,725,9,801,636,7,260,581,4
567,1226,662,4,1261,719,10,799,630,8,,,
568,,,,1267,707,6,798,624,7,195,577,5
569,,,,1272,690,10,797,620,7,162,571,7
570,1254,641,4,1278,675,8,796,616,6,149,566,6
571,,,,1283,657,10,795,615,6,147,562,6
572,1274,625,7,1288,646,8,792,614,6,150,558,6
573,1290,614,7,1293,633,10,790,615,5,155,557,5
574,1301,609,7,1298,627,9,789,615,5,159,556,7
575,1311,607,8,1305,619,10,788,616,6,162,557,6
576,,,,1310,620,10,785,617,4,,,
577,1324,609,8,1315,617,10,783,620,5,910,486,5
578,1334,613,7,1320,620,10,,,,1382,442,5
579,1343,619,8,1326,621,10,780,625,5,1645,417,5
580,1351,625,8,1331,628,11,778,630,5,1762,407,5
581,1358,632,8,1337,632,11,775,636,5,1787,405,6
582,1365,640,7,1341,642,11,774,640,6,1757,409,6
583,1373,649,7,1347,652,12,771,645,6,1702,414,6
584,1381,658,9,1352,664,10,771,651,7,1641,420,6
585,1387,667,4,1357,676,10,769,657,6,1583,426,5
586,,,,1363,690,10,768,662,8,1536,431,5
587,,,,1369,705,11,766,663,5,1499,434,5
588,1408,689,4,1375,725,13,765,659,7,1474,437,6
589,1421,698,4,1380,746,13,764,653,6,1457,438,6
590,1433,698,7,1385,769,12,763,647,6,1447,439,6
591,1441,691,4,1391,792,13,760,641,6,,,
592,1452,680,4,1397,797,12,759,635,7,1443,439,6
593,1459,671,4,1403,793,12,758,629,6,1442,440,5
594,1467,664,9,1410,776,13,757,626,6,1442,439,6
595,1476,657,6,1417,763,13,757,623,5,1443,439,5
596,1486,649,9,1425,752,11,755,619,4,1445,439,5
597,1496,645,8,1432,736,13,754,618,4,1447,439,6
598,1502,642,4,1438,727,12,,,,1448,439,6
599,1512,642,8,1446,716,12,737,707,6,1450,439,6
600,1520,643,7,1455,713,13,,,,1451,439,6
601,1528,643,5,1463,708,12,655,755,10,1452,439,5
602,1535,650,4,1470,711,14,604,780,8,1452,438,5
603,1543,654,5,1477,720,10,580,790,7,1452,438,5
604,1553,659,8,1485,724,13,570,791,4,1452,438,5
605,1560,666,5,1491,735,12,571,785,5,1452,438,5
606,1568,672,5,1500,741,12,576,779,6,,,
607,1580,678,4,1508,753,13,583,773,7,1452,438,5
608,1589,687,7,1515,767,14,590,770,5,1452,438,5
609,1596,698,8,1522,784,12,597,767,5,1452,438,5
610,1603,709,8,1529,799,13,,,,1452,438,5
611,1611,713,5,,,,616,717,6,1452,438,5
612,1618,706,5,1089,615,9,,,,1453,438,5
613,1626,695,5,811,496,8,689,655,4,1453,438,5
614,1634,685,6,656,428,8,,,,1453,439,5
615,1643,677,8,,,,679,647,4,1453,439,5
616,1652,670,8,,,,669,646,4,1452,439,5
617,1659,664,5,,,,,,,1452,439,5
618,1668,660,8,,,,650,694,4,1452,439,5
619,1677,658,8,601,580,5,638,726,4,1451,439,5
620,1685,657,7,,,,630,748,6,1451,439,5
621,1693,657,6,587,505,16,,,,,,
622,,,,604,459,16,541,725,10,1452,439,5
623,1703,660,4,635,435,16,488,710,11,1452,439,5
624,,,,670,427,16,459,700,11,1452,439,5
625,,,,703,427,16,447,693,11,1452,439,5
626,,,,730,433,16,447,689,10,1452,439,5
627,,,,751,440,16,452,688,10,1451,438,5
628,,,,766,447,16,459,688,10,1451,438,5
629,,,,775,455,16,467,689,10,1451,438,5
630,,,,781,460,16,473,690,11,1451,438,5
631,1566,645,4,784,463,16,478,692,11,1451,438,5
632,,,,784,467,16,480,692,10,1451,438,5
633,,,,784,468,16,484,693,11,1452,438,5
634,,,,783,469,16,486,693,12,1452,438,5
635,,,,,,,487,694,11,1453,438,5
636,,,,782,469,16,,,,,,
637,,,,781,469,16,574,722,4,1452,439,5
638,,,,780,469,16,,,,1452,439,5
639,,,,779,469,16,1053,709,4,1452,439,5
640,,,,779,469,16,1348,700,4,1452,439,6
641,,,,779,469,16,,,,1452,439,5
642,,,,778,468,16,997,695,11,1452,439,5
643,,,,778,468,16,743,692,11,1451,439,5
644,,,,778,468,16,576,693,13,1452,439,6
645,,,,778,468,16,475,693,13,1452,439,5
646,,,,778,468,16,422,694,13,1452,439,5
647,,,,778,467,16,402,694,13,1452,439,5
648,,,,778,467,16,401,693,12,1451,438,5
649,,,,778,467,16,412,693,12,1451,438,5
650,,,,,,,427,693,12,1451,438,5
651,,,,778,467,16,443,693,12,,,
652,,,,778,467,16,457,693,12,1451,438,5
653,,,,778,467,16,469,693,12,1451,438,5
654,,,,778,468,16,477,693,11,1451,438,5
655,,,,778,468,16,482,693,11,1451,438,5
656,,,,777,469,16,,,,1451,438,5
657,,,,777,469,16,665,686,5,1451,438,5
658,,,,778,468,16,,,,1451,439,5
659,,,,778,468,16,794,687,4,1451,439,5
660,,,,778,468,16,,,,1452,439,5
661,,,,778,468,16,827,734,5,1452,439,5
662,,,,778,469,16,836,762,5,1452,439,5
663,,,,777,469,16,829,778,4,1452,439,5
664,,,,777,469,16,,,,1452,439,5
665,,,,,,,1409,764,6,1453,439,5
666,,,,,,,1766,752,6,,,
667,,,,,,,1958,742,6,1509,436,4
668,,,,550,610,5,2037,735,6,1545,435,4
669,,,,,,,2044,732,7,1565,434,4
670,,,,634,558,16,2012,729,7,1574,433,4
671,,,,,,,1963,728,7,1575,433,4
672,,,,,,,1910,728,7,1573,433,5
673,,,,,,,1862,728,7,1569,434,4
674,,,,,,,1823,729,7,1564,434,5
675,,,,,,,1794,729,7,1560,434,5
676,,,,,,,1774,730,5,1556,434,5
677,,,,,,,1761,731,5,1553,434,5
678,,,,,,,1753,731,5,1551,434,5
679,,,,,,,,,,1549,434,5
680,,,,,,,1173,677,5,1548,435,5
681,,,,,,,810,644,5,,,
682,,,,699,517,16,612,624,5,1548,435,5
683,,,,,,,527,616,6,1548,435,5
684,,,,,,,514,615,5,1548,435,5
685,,,,,,,543,617,5,1548,434,5
686,,,,,,,590,620,6,1548,434,5
687,,,,,,,642,625,5,1548,433,5
688,,,,,,,690,629,6,1548,433,5
689,,,,,,,730,633,6,1548,433,5
690,,,,636,652,4,758,635,4,1548,434,5
691,,,,,,,,,,1548,434,5
692,,,,705,574,16,702,697,7,1548,435,5
693,,,,751,518,16,666,735,7,1548,435,5
694,,,,780,481,16,644,757,7,1548,435,5
695,,,,795,460,16,,,,1549,435,5
696,,,,801,449,16,638,729,4,,,
697,,,,801,446,16,,,,1581,436,5
698,,,,799,447,16,632,745,6,1602,437,4
699,,,,795,450,16,631,753,6,1614,437,5
700,,,,791,454,16,634,756,6,1619,438,5
701,,,,787,458,16,637,756,6,1620,438,4
702,,,,784,461,16,639,755,5,1618,438,4
703,,,,781,464,16,641,754,5,1616,438,5
704,,,,780,466,16,635,750,6,1613,438,5
705,,,,779,467,16,632,747,5,1610,438,5
706,,,,,,,633,744,5,1608,438,5
707,,,,778,468,16,634,743,6,1607,438,5
708,,,,778,468,16,637,742,8,1605,438,5
709,,,,778,468,16,639,743,7,1605,438,5
710,,,,778,468,16,643,741,6,1604,438,5
711,,,,778,468,16,645,743,4,,,
712,,,,778,468,16,649,744,4,1571,436,5
713,,,,778,468,16,651,744,4,1550,436,5
714,,,,,,,652,744,6,1539,435,5
715,,,,,,,656,744,7,1534,434,5
716,,,,778,468,16,662,741,5,1533,434,5
717,,,,778,468,16,,,,1535,434,5
718,,,,778,468,16,770,681,7,1538,434,5
719,,,,778,468,16,837,643,7,1541,435,5
720,,,,779,468,16,876,623,6,1544,435,5
721,,,,,,,893,614,6,1546,434,4
722,,,,,,,897,612,6,1548,435,5
723,,,,540,608,5,893,615,7,1549,435,5
724,,,,,,,887,620,6,1549,435,5
725,,,,,,,879,626,4,1550,434,5
726,,,,252,510,4,871,631,4,,,
727,,,,,,,,,,1492,437,5
728,,,,82,438,4,748,697,6,1457,438,6
729,,,,-1,389,4,691,742,5,1437,439,6
730,,,,-29,358,4,639,764,5,1428,439,6
731,1477,636,4,,,,615,773,4,1427,440,6
732,1427,631,4,,,,608,775,4,1429,439,6
733,1403,629,4,,,,,,,1433,439,6
734,1397,629,4,,,,613,772,4,1438,439,6
735,,,,,,,623,768,5,1443,439,6
736,,,,,,,635,762,6,1446,439,6
737,,,,124,541,6,646,758,6,1449,439,6
738,1542,690,5,262,666,4,655,754,7,1451,439,6
739,1639,731,7,,,,663,753,7,1452,439,6
740,1699,755,7,,,,680,753,5,1452,438,5
741,1731,768,8,,,,690,755,5,,,
742,1740,771,4,,,,,,,675,526,5
743,1740,773,7,,,,808,691,5,187,582,4
744,1736,765,6,565,593,16,882,650,4,-80,613,4
745,1727,761,10,,,,922,627,5,-196,628,4
746,1717,756,8,,,,940,617,4,-215,631,4
747,1709,753,7,373,482,4,944,615,5,-179,627,4
748,1702,752,8,,,,940,618,4,,,
749,1695,744,5,239,409,4,931,623,4,651,532,5
750,1689,740,7,,,,923,629,4,1201,468,5
751,1685,742,12,,,,915,634,4,1529,430,5
752,1681,742,9,154,366,4,,,,1697,410,5
753,1677,743,9,105,344,4,1418,689,7,1756,404,5
754,1673,747,8,81,337,4,1731,723,6,1750,404,5
755,1671,750,8,76,338,5,1904,743,7,1708,409,5
756,1670,753,8,80,343,4,1980,752,6,1653,415,5
757,1670,749,9,89,351,4,1992,755,6,1598,422,5
758,1670,748,9,,,,1968,754,5,1549,427,5
759,1669,748,9,262,554,5,1929,751,5,1511,432,5
760,1667,750,10,,,,1886,747,5,,,
761,1665,751,10,,,,1847,742,6,1540,433,4
762,1669,748,6,,,,1816,738,7,1557,433,4
763,1671,748,6,,,,1790,735,6,1565,434,4
764,1671,747,7,213,488,4,1774,733,7,1568,434,4
765,1668,751,11,177,438,4,1763,732,7,1566,434,4
766,1666,751,9,153,405,4,1757,731,7,1563,435,4
767,1665,752,10,138,384,4,,,,1560,435,4
768,1663,754,8,131,374,4,1259,680,5,1557,435,4
769,1662,757,8,128,370,4,949,648,4,1554,435,4
770,1661,759,8,,,,778,631,4,1551,435,4
771,1660,759,8,,,,705,624,4,1550,435,4
772,1658,757,12,,,,694,622,5,1549,435,4
773,1656,756,13,,,,718,625,4,1548,435,4
774,1653,753,9,,,,758,629,4,1548,435,4
775,1650,753,9,758,559,6,803,634,4,,,
776,1646,755,8,1157,682,6,844,637,4,757,522,5
777,1643,758,7,1381,753,7,877,640,4,261,576,5
778,1644,754,9,,,,903,643,4,-12,605,6
779,1643,752,9,,,,,,,-130,619,6
780,1643,752,9,,,,1428,741,9,-149,621,5
781,1644,754,12,,,,1758,802,9,-112,617,5
782,1641,756,11,,,,,,,-50,609,5
783,1639,757,10,,,,1036,800,7,19,602,5
784,1643,755,6,995,785,5,535,791,40,83,596,4
785,1644,753,7,,,,236,787,4,137,590,4
786,1644,753,7,,,,71,776,31,178,586,4
787,1642,755,7,901,825,4,27,770,7,207,583,5
788,1640,756,9,,,,64,753,4,227,580,5
789,1639,758,9,,,,100,748,5,239,579,5
790,1636,761,9,864,664,17,,,,245,580,4
791,1635,763,9,834,552,17,529,688,5,248,580,4
792,1634,765,8,811,481,17,815,650,5,249,580,5
793,1630,760,5,794,441,17,987,629,5,249,581,5
794,1628,757,7,783,423,17,1076,620,4,248,581,5
795,1627,759,11,777,420,17,1110,619,5,247,581,6
796,1624,759,10,774,423,17,1110,622,4,247,581,6
797,1622,760,9,773,431,17,1091,627,4,247,580,5
798,1620,762,9,773,440,17,1065,632,4,248,579,5
799,1616,765,8,774,448,17,1039,637,4,249,578,5
800,1612,767,4,,,,1016,640,4,251,578,5
801,1614,763,10,,,,998,643,4,253,578,5
802,1615,762,10,,,,984,645,4,255,578,5
803,1615,762,9,,,,975,647,5,256,577,4
804,1614,763,10,775,455,17,971,648,4,258,577,5
805,1612,765,11,777,460,17,969,648,5,260,575,5
806,1611,767,10,778,464,17,969,648,5,263,575,5
807,1615,764,5,778,467,17,970,647,5,265,576,5
808,1616,762,6,,,,972,648,5,267,576,4
809,1610,768,4,778,468,16,975,647,5,270,576,4
810,1611,767,8,778,469,16,977,647,5,272,577,4
811,1611,765,9,777,470,16,979,648,5,273,577,4
812,1610,765,10,777,470,16,981,648,5,275,577,4
813,1608,766,10,777,470,16,982,648,5,276,577,4
814,1607,768,9,777,470,16,984,648,5,278,577,4
815,1606,770,9,777,469,16,986,648,5,,,
816,1605,772,9,777,470,16,987,648,5,1026,494,4
817,1601,775,4,777,470,16,988,648,5,1496,442,4
818,1598,770,8,779,469,17,990,648,5,1756,413,4
819,1597,770,13,779,468,17,991,648,5,1870,399,5
820,1594,769,9,779,468,16,992,648,5,1891,397,5
821,1591,768,10,,,,994,648,5,1859,400,5
822,1590,770,9,632,625,5,995,647,5,1802,406,5
823,1588,772,10,,,,996,647,4,1739,413,5
824,1584,775,6,513,718,4,997,647,4,1681,420,4
825,1584,777,9,445,769,4,999,647,5,1632,426,4
826,1587,773,9,,,,1000,647,5,1596,430,4
827,1587,771,9,586,640,16,1001,646,6,1570,433,4
828,1587,770,9,687,549,16,1002,646,5,1553,435,4
829,1586,771,10,752,489,16,1002,647,5,1544,436,4
830,1584,773,10,791,454,16,1001,646,5,,,
831,1584,776,9,810,437,16,1000,646,5,1539,437,4
832,1583,776,10,816,432,16,999,646,5,1538,436,4
833,1583,777,9,815,434,16,998,645,6,1539,436,5
834,1583,776,9,809,439,16,997,646,5,1540,435,5
835,1583,775,9,802,446,16,996,645,5,1542,436,4
836,1584,773,9,795,452,16,996,643,6,1543,435,4
837,1583,771,9,789,458,16,998,642,5,1544,435,4
838,1583,768,9,784,462,16,999,640,5,1547,435,5
839,1583,765,9,781,465,16,1001,637,5,1547,434,4
840,1583,761,9,779,467,16,1002,634,5,1548,435,4
841,1584,757,9,,,,1004,632,4,1549,435,4
842,1586,752,9,777,469,16,,,,1549,435,4
843,1590,747,9,777,469,16,505,704,6,1549,435,4
844,1594,742,10,776,470,16,192,750,7,1549,435,4
845,1600,736,9,776,470,16,21,775,7,,,
846,1612,736,4,776,469,16,-51,786,6,1549,435,4
847,1615,726,9,777,469,16,-62,788,7,1549,435,4
848,1619,718,9,777,468,16,-22,785,5,1549,435,4
849,1631,712,4,,,,11,764,9,1549,435,4
850,1640,703,5,695,635,9,50,750,8,1549,434,4
851,1646,693,5,640,733,9,58,746,14,1549,434,4
852,1641,683,7,605,778,10,99,738,9,1549,434,4
853,1645,672,6,586,787,10,131,731,11,1549,434,4
854,1646,661,6,580,774,12,153,727,11,1548,434,4
855,1645,653,6,,,,145,742,8,1548,434,4
856,1642,646,6,,,,141,752,8,1548,435,4
857,1638,640,6,,,,142,757,8,1548,435,4
858,1633,633,6,446,765,6,145,759,9,1548,436,4
859,1621,633,5,,,,151,760,9,1548,436,4
860,1609,624,7,366,753,6,158,761,10,,,
861,1599,617,7,326,741,6,168,744,7,1548,436,4
862,1592,612,7,,,,174,734,12,1548,435,4
863,1586,608,6,457,671,12,176,727,12,1548,435,4
864,1580,606,7,554,622,12,176,723,12,1548,435,4
865,1575,605,6,619,591,11,176,722,12,1548,436,4
866,1571,606,6,660,572,11,174,723,10,1549,436,4
867,1567,608,7,684,563,11,172,724,10,1549,436,4
868,1562,611,7,696,562,12,172,725,11,1549,436,4
869,1558,617,7,703,565,10,210,725,14,1549,436,4
870,1554,625,7,705,573,11,197,726,14,1549,436,4
871,1549,635,7,706,583,10,187,728,15,1549,436,4
872,1544,648,7,709,598,12,179,743,7,1549,436,4
873,1537,663,6,,,,175,753,10,1549,436,4
874,1527,678,5,384,473,4,175,757,10,1549,436,4
875,1512,700,10,178,395,4,179,759,11,,,
876,1493,718,8,62,353,4,,,,1491,437,5
877,1467,736,8,,,,659,699,6,1456,438,5
878,,,,372,526,7,961,662,5,1436,439,5
879,1420,752,5,587,661,5,1128,642,5,1427,439,5
880,,,,727,744,6,1200,634,5,1425,439,5
881,1341,753,10,826,789,8,1211,633,5,1428,439,5
882,1271,745,10,884,805,8,1189,638,5,1432,439,5
883,1210,735,7,917,796,7,1151,646,5,1437,439,5
884,1155,725,9,929,781,5,1110,655,5,1441,439,5
885,1109,715,7,932,758,8,1071,665,5,1445,439,5
886,1069,711,7,933,732,9,1040,677,5,1448,439,5
887,1032,708,7,935,710,9,1016,688,6,1450,439,5
888,,,,938,692,8,998,693,5,1451,439,5
889,979,706,6,940,681,7,987,695,5,1452,438,5
890,936,705,7,945,671,8,981,695,6,,,
891,905,703,6,950,665,8,977,694,6,1509,437,4
892,880,696,7,956,661,7,976,694,6,1545,436,4
893,860,691,5,963,657,6,975,695,6,1565,435,4
894,842,683,6,971,651,8,976,698,6,1574,435,4
895,826,679,8,977,644,6,976,701,6,1575,435,4
896,809,675,7,982,635,5,977,707,6,1572,434,4
897,791,674,7,990,629,7,978,714,6,1568,434,4
898,773,672,6,996,625,6,978,722,6,1563,434,4
899,755,674,8,1002,620,7,977,726,6,1559,434,4
900,,,,1007,617,8,977,727,6,1555,435,4
901,,,,1013,618,8,977,727,7,1553,435,5
902,,,,1018,620,7,975,726,6,1551,434,5
903,,,,1023,623,8,975,727,6,1550,434,5
904,696,672,5,1027,624,8,975,727,7,1549,434,5
905,,,,1030,622,7,975,730,6,,,
906,648,667,5,1033,616,7,975,734,7,1101,546,5
907,614,663,6,1036,610,8,974,739,7,831,619,7
908,595,661,4,1040,605,7,974,747,7,686,661,5
909,578,663,5,1042,601,8,975,754,8,634,685,5
910,565,664,6,1045,598,8,974,755,7,641,688,8
911,556,666,6,1047,598,7,973,755,6,676,683,5
912,549,668,4,1050,598,8,973,755,7,725,674,5
913,540,667,6,1053,600,8,972,756,7,782,663,7
914,532,665,5,1055,602,7,972,758,7,831,654,5
915,522,661,4,1058,602,7,971,761,7,877,649,9
916,512,658,4,1060,599,6,970,765,8,912,646,4
917,,,,1062,594,5,970,770,8,941,645,5
918,,,,1064,590,7,970,778,9,966,649,5
919,,,,1066,587,5,969,787,9,985,654,7
920,,,,,,,969,789,8,1003,655,6
921,468,657,5,753,670,5,968,791,7,1019,655,6
922,440,658,6,556,724,5,966,792,6,1033,653,4
923,419,656,4,446,754,5,966,792,9,1047,652,6
924,404,654,5,,,,967,794,9,1062,652,6
925,393,650,4,544,611,17,968,798,9,1077,653,5
926,383,647,5,627,516,17,968,803,9,1092,655,5
927,374,645,4,691,458,17,968,810,9,1107,661,4
928,364,644,5,737,428,17,968,820,10,,,
929,356,644,4,767,417,17,967,825,10,1382,530,4
930,347,645,5,785,418,17,966,828,9,1552,447,4
931,338,648,4,794,424,17,967,828,9,1643,401,4
932,329,649,4,797,434,17,967,829,10,1680,380,4
933,319,646,4,796,443,17,967,830,10,1683,376,4
934,308,642,5,794,451,17,968,833,10,1668,381,4
935,,,,791,457,17,968,837,10,1644,391,4
936,970,637,4,788,462,17,968,843,10,1620,401,4
937,1390,634,4,785,465,17,,,,1597,411,4
938,1625,633,4,783,467,17,831,766,4,1579,420,4
939,,,,,,,747,716,5,1565,426,4
940,1028,633,4,405,419,4,702,686,5,1556,431,4
941,605,637,4,167,389,4,,,,1550,434,4
942,,,,36,371,4,1303,734,9,1546,435,4
943,1037,636,4,-21,364,4,1689,769,9,,,
944,1324,635,4,-32,360,4,1911,793,9,1447,585,6
945,1495,635,4,-16,358,4,2017,808,9,1397,679,7
946,,,,,,,2045,816,9,1382,735,6
947,1582,635,4,582,465,5,2029,819,9,1389,764,4
948,1613,635,4,974,533,6,1990,819,9,1410,774,5
949,1609,635,4,1205,572,6,1945,818,9,1439,770,6
950,1588,635,4,1317,591,5,1901,816,9,1472,760,5
951,1559,635,4,1353,596,6,1864,814,9,1504,746,7
952,1530,635,4,1342,594,7,1836,812,9,1533,731,4
953,1505,635,4,1309,587,6,1815,810,9,1563,720,6
954,1485,635,4,1266,580,7,1801,809,9,1589,714,5
955,1470,635,4,1224,570,6,1793,808,9,1613,708,6
956,1461,636,4,1190,561,5,,,,1636,707,5
957,,,,,,,1768,762,7,1659,712,8
958,,,,1164,551,5,1753,733,7,1679,720,4
959,,,,,,,1747,717,7,1690,725,7
960,,,,943,501,17,1745,710,7,1693,727,6
961,,,,803,470,17,1746,709,7,1696,718,5
962,,,,724,452,17,1748,712,7,1692,720,5
963,1454,636,4,689,445,17,1750,714,6,1691,710,5
964,,,,681,444,17,1752,718,6,1683,711,6
965,,,,690,446,17,1754,721,6,1679,700,4
966,,,,706,451,17,1756,724,7,,,
967,,,,724,456,17,1757,726,6,1547,543,5
968,,,,,,,1758,728,7,1464,445,5
969,,,,703,593,4,1758,729,7,1418,391,5
970,,,,,,,1759,730,6,1397,368,5
971,,,,636,712,5,,,,1393,365,5
972,656,609,4,,,,1758,731,6,1398,372,5
973,,,,693,615,17,1758,731,6,1407,385,5
974,,,,734,544,17,1758,730,7,1418,398,5
975,,,,762,496,17,1758,729,7,1428,411,5
976,,,,779,468,16,1757,729,6,1437,421,5
977,,,,788,452,17,1759,730,6,1443,429,5
978,,,,792,445,17,1760,730,6,1448,434,6
979,,,,793,444,17,1760,731,5,1451,438,5
980,,,,791,447,17,1760,730,6,1452,440,5
981,173,612,4,789,451,17,1759,730,6,,,
982,,,,,,,1759,730,6,1548,583,9
983,,,,411,407,4,1759,729,7,1608,667,8
984,,,,172,379,4,1760,729,6,1639,709,6
985,,,,38,362,4,1761,729,6,1651,720,6
986,,,,-20,352,4,,,,1651,716,6
987,,,,,,,1760,729,6,1644,704,6
988,,,,344,404,17,1761,729,6,1633,689,6
989,,,,596,441,17,1761,729,6,1622,675,6
990,,,,756,464,17,1762,729,6,1610,663,4
991,467,677,4,845,477,17,1762,729,6,1600,654,4
992,,,,884,483,16,1762,729,6,1596,648,7
993,,,,892,485,16,1761,730,7,1591,643,5
994,,,,881,483,16,1761,730,7,1589,641,6
995,,,,863,481,16,1761,730,7,1586,641,4
996,,,,843,477,17,1761,730,7,1585,641,5
997,,,,824,474,17,1761,730,7,1584,643,6
998,,,,808,472,17,1761,730,7,1584,644,6
999,,,,796,470,17,1760,729,7,1583,645,5
1000,,,,787,468,17,1760,729,7,1583,646,5
1001,,,,781,468,17,,,,1583,649,5
1002,,,,,,,1781,775,8,1582,652,5
1003,,,,778,467,17,1793,804,11,1583,655,5
1004,922,664,4,777,467,17,1779,775,4,1583,658,5
1005,,,,776,467,17,1769,754,6,1585,661,5
1006,1236,653,4,776,467,17,1763,739,6,1586,663,6
1007,,,,777,467,17,1759,730,7,1587,665,6
1008,1433,645,4,777,467,17,1758,725,6,,,
1009,1543,639,4,778,467,17,1757,723,6,1588,667,6
1010,1591,636,4,779,467,17,1757,723,6,1590,668,6
1011,,,,779,468,17,1757,724,6,1591,668,7
1012,1600,634,4,779,468,16,1758,725,6,1591,668,7
1013,1586,633,4,779,468,16,1759,727,7,1590,668,7
1014,1561,633,4,779,468,16,1760,728,7,1590,667,7
1015,1536,633,4,779,468,16,1760,728,7,1589,667,7
1016,1512,634,5,779,467,16,1761,729,7,1587,666,8
1017,1491,634,4,,,,1762,730,7,1585,666,8
1018,1476,634,4,779,468,16,,,,1584,666,8
1019,1465,635,4,779,468,16,880,734,5,1581,666,8
1020,1459,635,4,779,468,16,,,,1579,665,8
1021,,,,780,468,16,296,727,11,1577,665,8
1022,1455,635,4,780,467,17,-25,721,9,1575,666,7
1023,1453,634,4,779,467,16,-163,717,8,1573,666,8
1024,1452,634,4,779,468,16,-183,714,6,1571,667,8
1025,1452,635,4,778,468,16,,,,1568,667,8
1026,1454,635,5,,,,-133,711,5,1565,666,8
1027,1455,636,5,779,468,17,-55,710,5,1561,665,7
1028,1455,636,4,779,468,16,17,720,26,1557,663,6
1029,1456,636,5,779,468,16,,,,1553,662,7
1030,1457,636,5,779,467,17,483,719,5,1549,660,7
1031,1457,636,4,,,,789,720,5,1545,657,7
1032,1457,636,4,779,467,16,971,719,5,1540,655,6
1033,1457,636,4,779,467,16,1061,719,5,1536,652,6
1034,1457,636,4,,,,1092,720,5,1531,650,5
1035,1456,636,4,779,467,16,1086,719,5,1526,647,5
1036,,,,780,467,16,,,,1522,644,4
1037,1456,636,4,780,467,16,1558,725,7,1518,641,4
1038,1456,636,4,780,467,16,1838,729,7,1514,638,4
1039,1456,636,4,780,467,16,1979,731,7,1511,635,4
1040,1456,635,4,780,467,16,2027,733,6,1508,624,6
1041,,,,780,467,16,2019,733,6,1505,615,5
1042,1456,635,4,779,467,16,1981,733,6,1502,609,6
1043,1456,635,4,779,468,16,1931,732,6,1500,606,5
1044,1456,635,4,778,468,16,1880,731,5,1497,603,6
1045,1457,635,4,778,468,16,,,,1494,602,6
1046,1456,635,4,778,468,16,1104,773,4,1490,600,6
1047,1456,635,4,778,468,16,611,800,4,1486,599,6
1048,1456,635,4,778,468,16,332,815,7,1482,597,6
1049,1456,635,4,,,,,,,1478,595,6
1050,1457,635,4,778,468,16,430,810,10,1475,593,5
1051,1456,635,4,779,468,17,543,801,11,1471,589,4
1052,,,,779,468,17,649,788,12,1467,583,5
1053,1456,636,4,780,468,17,739,774,12,1464,573,6
1054,,,,780,468,17,808,755,12,1461,561,6
1055,,,,780,467,17,857,736,11,1459,549,6
1056,1456,636,4,780,467,17,889,719,10,1459,537,7
1057,,,,780,467,17,908,705,10,1458,526,8
1058,,,,780,467,17,917,694,9,1457,515,9
1059,,,,780,467,17,920,685,10,1455,507,9
1060,,,,780,467,17,919,679,10,1454,502,9
1061,,,,780,467,17,922,667,6,1453,499,9
1062,,,,780,467,17,917,668,8,1451,497,9
1063,1456,636,4,780,467,17,907,664,4,1449,497,9
1064,1456,636,4,,,,899,664,6,1451,497,4
1065,,,,1000,457,4,894,667,4,1447,501,9
1066,1455,637,4,1138,449,4,897,663,8,1433,496,11
1067,,,,,,,912,636,14,1440,460,5
1068,1456,636,4,1215,443,4,930,606,16,1445,437,5
1069,1456,636,4,1249,440,4,945,579,7,1448,426,5
1070,1456,636,4,1255,439,4,960,552,7,1451,421,5
1071,,,,1244,437,4,975,527,8,1452,421,5
1072,747,531,5,,,,989,505,9,1453,423,5
1073,310,459,6,1218,423,4,1001,488,9,1453,426,5
1074,76,413,5,,,,1012,473,9,1453,430,5
1075,-14,385,5,983,444,16,1021,462,7,1453,432,5
1076,-15,372,4,830,458,17,1029,453,7,1452,435,5
1077,31,362,4,742,467,17,1036,446,8,1452,436,5
1078,102,360,4,699,472,17,1043,441,8,1451,438,5
1079,178,360,4,686,474,17,1049,437,8,1451,439,5
1080,253,360,6,,,,1055,435,8,1450,440,5
1081,316,360,5,,,,1061,434,8,,,
1082,369,361,5,691,474,17,1068,434,8,1166,368,6
1083,410,357,6,,,,1074,435,7,977,323,7
1084,441,354,7,,,,1080,436,7,862,297,6
1085,467,353,8,,,,1085,439,8,794,287,9
1086,488,352,6,,,,1089,442,7,761,287,8
1087,,,,837,381,4,1094,446,7,753,292,4
1088,516,353,8,929,320,4,1099,451,7,756,300,4
1089,539,355,6,981,286,6,1103,457,6,760,313,9
1090,553,357,4,1003,269,6,1107,464,6,765,325,9
1091,568,361,5,1006,265,4,1110,471,6,769,336,6
1092,586,367,9,994,269,5,1113,478,7,769,347,4
1093,603,374,9,974,278,5,1116,485,6,766,356,4
1094,620,384,7,954,288,5,1118,492,5,757,366,6
1095,637,392,6,932,298,5,1121,499,5,748,375,7
1096,655,399,9,911,308,5,1123,506,6,738,382,4
1097,674,408,10,891,318,4,1125,514,5,727,391,4
1098,692,418,8,873,327,5,1128,523,5,717,400,4
1099,711,427,7,,,,1130,530,5,705,409,4
1100,,,,1000,527,5,1132,539,5,691,420,6
1101,1167,557,4,,,,1134,549,5,677,430,6
1102,1451,637,4,916,481,4,1135,559,5,665,440,6
1103,1604,680,4,853,447,4,,,,,,
1104,1668,698,4,805,421,4,1138,575,5,1115,449,5
1105,1676,699,4,768,413,9,1139,587,5,1401,453,5
1106,,,,744,410,4,1141,600,4,1561,453,5
1107,1306,637,6,723,422,7,1143,612,7,1634,451,5
1108,1059,609,5,709,439,10,1143,623,5,1650,449,5
1109,921,597,6,695,458,8,1144,633,7,1633,446,5
1110,857,601,11,683,480,8,1144,633,4,1601,444,5
1111,842,620,7,670,504,6,,,,1565,442,5
1112,858,640,7,,,,903,750,12,1531,441,5
1113,875,637,9,648,544,5,753,820,9,1502,440,5
1114,891,618,8,,,,671,858,11,1481,440,5
1115,910,591,5,,,,637,872,10,1465,439,5
1116,913,561,7,635,554,7,634,872,9,1455,439,5
1117,921,530,7,634,544,7,648,866,6,1449,439,5
1118,922,505,6,642,523,7,,,,,,
1119,915,477,5,654,491,6,893,678,5,963,413,5
1120,914,456,4,670,459,8,1054,550,5,660,392,5
1121,904,435,7,686,428,8,1150,471,5,494,375,5
1122,895,421,5,699,402,7,1197,428,5,423,362,4
1123,892,409,4,711,380,7,1213,409,5,413,352,5
1124,887,394,5,720,360,8,1208,405,5,438,345,5
1125,882,385,6,729,343,7,1194,409,5,479,340,5
1126,870,373,5,737,330,7,1176,417,5,523,335,6
1127,861,366,5,743,318,7,1158,425,4,563,333,4
1128,854,360,5,749,309,6,1142,434,5,597,330,5
1129,850,356,8,757,300,7,1129,440,5,623,329,5
1130,848,354,6,764,293,8,1119,445,5,643,329,5
1131,838,352,4,771,291,6,1112,448,6,657,328,5
1132,836,349,6,775,286,5,1106,452,4,666,330,5
1133,831,351,5,,,,1103,454,5,672,330,5
1134,824,350,10,839,576,4,1101,456,4,675,334,5
1135,817,351,9,878,760,4,1099,459,5,677,335,5
1136,809,353,6,899,863,4,1098,462,5,679,338,4
1137,805,357,9,,,,1097,465,5,681,343,4
1138,796,360,4,851,718,16,1096,470,5,682,348,5
1139,795,364,5,816,609,16,,,,684,353,5
1140,793,373,5,792,531,16,1092,478,5,687,359,5
1141,784,378,4,778,481,16,1090,486,4,689,366,5
1142,777,386,5,770,453,16,1088,494,6,691,373,4
1143,770,396,5,767,440,16,1087,502,6,693,381,5
1144,770,405,4,767,436,16,1086,511,5,697,391,6
1145,767,418,5,768,439,16,1084,520,6,700,401,4
1146,763,430,4,771,443,16,1082,530,6,704,411,6
1147,758,443,5,773,449,16,1079,542,4,707,425,5
1148,747,455,4,817,389,7,1077,554,5,711,436,5
1149,740,470,4,848,356,6,,,,,,
1150,734,485,4,870,348,8,889,709,5,716,459,5
1151,,,,883,353,5,772,805,8,720,477,5
1152,,,,890,369,4,708,854,10,723,494,7
1153,,,,895,388,5,681,872,10,722,502,7
1154,,,,897,411,6,680,870,8,720,498,4
1155,,,,898,436,4,693,858,7,714,479,5
1156,,,,899,459,5,711,845,8,706,454,7
1157,,,,900,485,5,731,832,7,698,432,4
1158,,,,900,500,6,,,,689,409,4
1159,733,494,6,904,497,4,895,651,5,681,387,5
1160,736,487,7,913,477,8,996,527,5,673,367,5
1161,,,,921,449,6,1049,448,5,665,350,5
1162,746,458,5,933,421,7,1069,403,4,657,334,5
1163,757,431,4,,,,1067,381,5,650,322,6
1164,767,404,5,,,,1054,374,5,643,311,6
1165,777,381,5,,,,1034,374,5,637,301,6
1166,783,363,6,964,363,4,1013,378,5,630,292,7
1167,788,347,7,986,319,5,993,382,6,624,285,6
1168,793,335,7,1003,288,5,975,386,6,,,
1169,798,325,7,,,,959,388,6,1161,363,4
1170,802,317,7,,,,946,390,6,,,
1171,806,310,7,,,,935,391,6,1501,414,4
1172,810,306,6,,,,925,391,6,,,
1173,814,302,6,,,,917,391,6,1632,447,5
1174,817,300,6,,,,910,391,6,1680,463,5
1175,820,299,5,,,,904,392,5,1677,469,5
1176,824,298,6,,,,898,393,5,1647,469,5
1177,828,298,6,942,559,4,891,393,6,1605,465,5
1178,833,299,5,,,,885,394,6,1564,459,5
1179,837,301,5,,,,878,395,6,1527,454,5
1180,841,303,5,,,,872,398,6,1497,449,5
1181,845,306,4,,,,865,403,6,1476,445,5
1182,,,,901,735,5,859,407,6,1461,443,5
1183,851,314,5,875,837,5,852,413,6,1452,441,5
1184,858,324,4,861,887,5,846,419,6,1447,439,5
1185,863,332,4,,,,840,426,6,1445,439,5
1186,869,340,4,,,,834,433,6,1444,439,5
1187,873,348,5,,,,827,442,6,,,
1188,876,357,5,,,,821,452,5,892,372,7
1189,880,366,5,,,,814,462,6,543,337,7
1190,883,376,4,800,710,16,808,472,5,346,326,7
1191,886,386,4,764,584,16,801,484,5,255,331,8
1192,889,395,4,,,,796,496,4,233,348,8
1193,891,407,4,,,,790,509,4,250,369,7
1194,893,421,6,1009,406,6,783,525,6,286,395,7
1195,,,,1173,304,6,777,540,6,325,421,5
1196,898,446,4,1274,260,6,773,553,5,,,
1197,900,467,6,1329,253,6,775,562,5,942,442,5
1198,905,486,4,1354,276,6,,,,1340,453,5
1199,908,499,6,1359,309,8,784,574,4,1568,457,5
1200,909,508,6,1355,347,6,792,583,5,1677,457,5
1201,912,515,6,1345,385,6,801,589,6,1707,454,5
1202,916,523,5,1330,414,7,810,598,4,1690,451,5
1203,919,530,5,1308,436,4,817,606,5,1651,447,5
1204,923,538,7,1286,453,4,824,616,4,1605,444,5
1205,928,547,6,1267,470,7,832,628,8,1560,442,5
1206,931,559,5,1251,482,5,841,641,12,1522,440,5
1207,936,570,4,1235,497,7,846,651,11,1493,439,5
1208,940,586,5,1225,512,5,849,665,5,1472,438,5
1209,940,600,4,1215,528,8,852,680,6,1458,438,5
1210,,,,1203,544,8,855,694,5,1449,438,5
1211,,,,1197,562,9,859,709,4,,,
1212,,,,1190,581,9,862,714,5,871,548,5
1213,,,,1182,603,9,867,706,5,508,609,6
1214,,,,1176,623,9,872,691,6,308,632,7
1215,,,,1171,645,8,877,673,6,220,634,4
1216,1018,688,4,,,,882,656,6,204,619,7
1217,,,,933,560,16,884,641,5,230,597,8
1218,,,,,,,888,626,6,274,572,8
1219,,,,1005,593,8,893,614,5,324,552,5
1220,1016,669,7,1059,605,9,898,604,6,370,532,5
1221,1011,646,4,1097,607,4,903,595,6,406,516,7
1222,1004,618,5,1120,597,4,908,588,5,434,502,6
1223,1001,596,6,1125,578,8,913,585,8,454,492,6
1224,1000,579,7,1125,562,5,917,581,5,468,484,6
1225,999,564,7,1121,545,11,922,576,5,475,478,8
1226,1001,552,6,1116,529,7,926,573,5,479,475,8
1227,1003,545,5,1106,515,9,930,571,5,480,473,6
1228,1008,539,5,1094,503,11,933,570,5,480,472,6
1229,1009,533,5,1085,496,5,937,570,5,479,471,6
1230,1012,531,6,1072,487,5,941,571,5,477,471,6
1231,1016,533,5,1060,483,7,946,572,5,477,473,5
1232,1020,531,4,1054,478,5,950,574,5,476,474,6
1233,1025,533,7,1046,476,7,954,576,4,474,478,6
1234,1030,536,9,1037,477,8,958,579,5,475,482,5
1235,1035,539,5,1029,480,8,962,582,4,476,487,6
1236,1035,543,4,1023,484,5,966,586,5,475,491,5
1237,1038,550,6,1012,484,5,969,592,4,,,
1238,1042,558,6,1002,490,7,972,597,4,479,500,4
1239,,,,994,497,7,977,603,6,479,507,6
1240,1047,569,5,987,502,6,,,,,,
1241,,,,980,510,8,1441,682,7,1108,470,4
1242,1069,666,5,972,520,8,1732,731,7,1504,445,4
1243,1083,727,6,966,533,6,1893,757,6,1723,430,4
1244,1090,760,6,954,542,6,1963,768,6,1819,423,4
1245,1093,774,6,944,555,6,1975,769,7,1836,421,4
1246,1094,775,5,936,567,8,1954,765,7,1809,421,4
1247,1092,769,5,931,577,7,1918,759,7,1761,424,4
1248,1090,759,8,928,583,8,1879,752,7,1708,427,4
1249,1088,750,6,925,584,8,1842,746,7,1660,430,4
1250,1087,741,7,923,580,7,1812,740,6,1619,432,4
1251,1086,735,7,921,578,7,1790,735,6,1588,434,4
1252,1084,731,4,920,574,7,1773,733,6,1567,435,4
1253,,,,919,571,6,1762,732,6,1553,436,4
1254,1085,728,5,919,569,7,1756,731,6,1544,437,4
1255,,,,919,568,7,,,,,,
1256,,,,921,569,4,1754,730,7,1541,437,4
1257,,,,920,571,6,1754,730,6,1540,437,4
1258,,,,919,573,6,1754,730,6,1540,437,4
1259,,,,918,575,6,1755,730,7,1541,437,4
1260,,,,919,576,4,1756,730,6,1543,437,4
1261,,,,,,,1757,730,6,1545,437,4
1262,,,,,,,1758,730,7,1546,437,4
1263,,,,,,,1758,730,6,1547,437,4
1264,,,,,,,1759,730,7,1548,437,4
1265,,,,,,,1759,730,7,1548,437,4
1266,,,,836,514,17,1759,730,7,1549,436,4
1267,,,,784,475,17,1760,730,7,1549,436,4
1268,,,,755,453,17,1760,731,7,1549,436,4
1269,,,,742,443,17,1760,731,7,1549,436,4
1270,,,,741,440,16,,,,,,
1271,,,,,,,1314,666,7,1549,436,4
1272,,,,744,443,16,1033,623,6,1549,436,4
1273,,,,750,448,16,876,596,6,1549,436,4
1274,,,,757,453,16,807,581,6,1549,436,4
1275,,,,764,458,16,793,577,8,1549,435,5
1276,,,,770,461,16,812,576,8,1549,435,5
1277,,,,774,464,16,845,578,6,1549,434,5
1278,,,,777,466,16,882,581,6,1548,434,5
1279,,,,779,467,17,916,584,7,1548,434,5
1280,,,,780,468,16,946,585,4,1548,434,5
1281,,,,,,,968,585,4,1548,434,5
1282,,,,855,508,4,985,586,5,1548,434,4
1283,,,,901,532,4,997,587,5,1548,435,4
1284,,,,926,543,4,1004,587,5,1548,435,4
1285,1072,635,4,935,545,4,1008,588,4,,,
1286,1065,577,5,943,541,5,1010,588,5,926,468,5
1287,1061,544,5,942,535,5,1010,588,5,534,488,4
1288,1060,529,5,936,529,5,1010,589,4,317,499,4
1289,1061,526,5,928,524,5,1009,588,5,221,504,4
1290,1062,530,5,920,520,5,1008,588,4,205,504,4
1291,1064,538,5,912,516,5,1008,588,4,232,503,4
1292,1066,546,6,905,515,5,,,,279,500,4
1293,1067,553,6,901,514,5,834,677,4,332,497,4
1294,1068,560,6,897,514,6,,,,381,495,5
1295,1069,565,6,894,514,5,900,643,4,422,492,4
1296,1068,567,6,892,514,6,950,619,4,453,491,4
1297,1068,570,5,890,514,5,986,601,4,476,490,4
1298,1066,571,4,888,514,5,1009,590,5,491,490,4
1299,,,,886,514,5,1023,585,5,500,489,4
1300,1064,572,4,884,515,5,1029,582,4,505,489,4
1301,1063,573,5,883,515,5,1032,581,4,507,488,4
1302,1062,573,5,881,515,5,1031,582,4,508,488,4
1303,1061,572,4,879,516,6,1029,583,4,,,
1304,1060,572,4,877,516,6,1027,584,4,1067,459,5
1305,1059,572,4,876,517,6,1026,585,5,1417,440,5
1306,1059,571,4,874,516,6,1024,587,4,1611,430,5
1307,1061,575,4,872,517,6,1022,588,4,1695,426,5
1308,1057,573,5,870,517,6,1021,589,4,1709,425,5
1309,1056,576,4,868,516,6,1020,590,4,1684,426,5
1310,1052,578,4,866,516,7,1019,591,4,1641,429,5
1311,1044,579,5,865,516,7,1019,594,4,1594,431,5
1312,1033,579,6,865,515,7,1017,596,4,1550,433,5
1313,1020,580,5,866,515,7,1014,600,5,1514,435,5
1314,1006,581,4,870,514,6,1012,604,5,1487,437,5
1315,,,,875,514,7,1012,608,9,1467,438,5
1316,,,,882,516,7,1011,612,9,1455,438,5
1317,976,585,4,890,518,7,1010,618,7,1448,439,5
1318,954,595,5,897,521,7,1009,626,4,,,
1319,937,600,4,903,527,7,1008,636,6,927,495,4
1320,923,610,9,909,533,7,1007,645,5,606,538,5
1321,912,618,4,915,540,7,1005,657,5,431,566,6
1322,902,628,4,920,548,8,1004,668,5,360,586,7
1323,892,639,5,925,558,7,1003,681,4,353,601,4
1324,884,654,8,930,570,8,1002,694,5,,,
1325,875,668,8,935,582,7,1001,707,5,884,526,5
1326,866,681,5,940,596,8,1000,713,5,1243,474,5
1327,858,695,7,944,609,6,999,711,5,1463,442,5
1328,848,711,8,949,624,8,999,704,4,1580,424,5
1329,840,711,4,954,640,8,999,693,5,1627,416,5
1330,838,703,7,958,655,7,999,681,5,1630,415,5
1331,837,691,4,962,666,7,999,669,6,1609,418,5
1332,835,671,5,963,662,7,999,659,7,1578,422,5
1333,829,657,4,964,649,9,998,652,6,1545,426,5
1334,825,643,7,964,633,8,997,646,6,1515,430,5
1335,822,631,5,968,615,6,997,641,6,1491,434,5
1336,815,619,5,970,599,7,997,639,7,1473,436,5
1337,808,609,4,971,583,8,996,637,7,1460,438,5
1338,807,605,6,974,570,7,997,637,6,1453,439,5
1339,806,600,6,976,560,7,996,638,7,,,
1340,,,,977,552,9,996,640,7,979,499,7
1341,,,,978,546,8,995,641,7,685,536,7
1342,,,,980,542,9,993,644,6,524,559,7
1343,791,596,5,984,541,7,993,647,7,456,572,7
1344,779,597,6,987,539,5,992,653,6,448,577,7
1345,772,602,4,989,541,6,992,658,6,473,579,5
1346,767,606,6,991,544,6,992,663,6,,,
1347,762,610,5,992,545,7,991,670,6,971,509,5
1348,759,617,6,991,550,5,991,676,6,1301,462,5
1349,754,626,6,991,554,6,991,686,5,1498,434,5
1350,749,633,6,993,559,8,993,696,4,1599,419,5
1351,743,641,4,997,564,7,993,706,4,1634,414,5
1352,,,,998,571,8,,,,1631,414,6
1353,737,658,5,1000,581,4,1443,728,7,1606,417,6
1354,733,672,5,1001,589,6,1727,740,7,1573,422,6
1355,728,684,4,1003,597,6,1884,746,7,1540,426,5
1356,722,697,4,1002,608,5,1953,747,6,1510,430,5
1357,717,697,5,1002,618,5,1966,746,7,1487,433,5
1358,713,688,6,1005,632,7,1946,743,7,1470,436,5
1359,708,674,5,1008,636,7,1912,740,7,1458,437,5
1360,,,,1010,630,7,1873,738,6,1451,438,5
1361,,,,1011,620,7,1839,735,7,,,
1362,,,,1013,609,6,1810,734,7,1025,518,7
1363,,,,1016,597,7,1788,733,7,761,569,6
1364,693,647,4,1017,586,7,1773,732,6,618,597,8
1365,,,,1017,576,6,1763,731,7,558,608,7
1366,677,631,5,1016,568,6,1757,731,7,551,610,7
1367,668,621,6,1019,562,8,,,,576,608,7
1368,661,614,6,1022,558,7,1754,731,7,613,604,6
1369,654,612,4,1024,555,8,1754,731,7,653,602,6
1370,,,,1023,555,4,1754,731,7,691,601,8
1371,649,618,4,1024,557,8,1755,731,7,724,600,7
1372,646,624,6,1027,560,6,1756,731,7,750,602,6
1373,642,630,5,1030,562,7,1757,731,7,770,609,7
1374,,,,1031,565,8,1758,731,7,784,617,7
1375,633,644,4,1030,569,5,1758,731,7,792,624,7
1376,628,655,5,1030,573,5,1759,731,6,798,632,7
1377,624,664,6,1033,581,6,1759,731,6,803,634,7
1378,618,673,5,1037,588,6,1759,730,6,806,632,6
1379,614,679,4,1039,597,6,1760,730,6,808,627,5
1380,,,,1039,606,8,1760,730,6,811,619,6
1381,610,675,5,1039,617,5,1760,730,6,815,609,6
1382,607,668,6,1040,618,7,,,,819,603,7
1383,604,656,4,1041,613,7,1329,699,5,822,599,6
1384,,,,1040,605,5,,,,825,595,9
1385,594,648,4,1040,596,7,1033,697,7,828,592,8
1386,588,639,6,1042,587,8,867,700,6,830,592,8
1387,583,633,6,1046,580,6,,,,834,594,7
1388,579,628,4,1049,573,6,562,749,7,840,602,8
1389,574,628,4,1048,568,6,397,782,8,846,612,6
1390,568,631,4,,,,331,800,9,853,623,5
1391,,,,891,504,17,324,811,7,861,639,9
1392,,,,,,,350,815,6,,,
1393,,,,,,,,,,873,643,8
1394,,,,793,465,17,392,817,6,882,643,4
1395,,,,,,,438,817,6,,,
1396,,,,797,636,5,,,,1225,527,5
1397,,,,809,748,5,715,775,5,1439,454,5
1398,,,,824,814,5,896,747,6,1556,412,5
1399,,,,840,847,5,1002,729,7,1605,393,5
1400,534,634,4,853,858,4,1055,720,7,,,
1401,512,631,6,,,,1073,717,7,1612,389,5
1402,,,,425,612,4,1069,718,6,1596,393,5
1403,,,,,,,1054,724,6,1568,401,5
1404,,,,,,,1036,730,6,1539,410,5
1405,,,,537,502,17,1017,738,7,1512,418,5
1406,,,,628,438,16,999,746,7,1489,425,5
1407,,,,697,407,16,985,756,7,1473,431,5
1408,,,,744,399,17,975,765,7,,,
1409,,,,774,403,16,968,774,7,1518,433,4
1410,473,639,4,790,414,16,963,786,9,1546,435,4
1411,450,645,5,798,427,16,960,789,8,1562,436,4
1412,,,,799,439,16,959,787,8,1568,436,4
1413,,,,797,449,16,958,781,8,1570,436,4
1414,432,653,6,794,457,16,958,776,9,1567,436,4
1415,422,653,5,790,463,16,959,772,8,1564,436,4
1416,416,649,6,787,467,16,959,768,7,1560,436,5
1417,413,646,4,784,469,16,960,767,6,1556,435,4
1418,413,640,6,781,470,16,958,768,4,1554,435,4
1419,413,634,6,,,,959,768,8,1551,434,4
1420,413,631,4,780,471,16,959,772,8,1550,434,4
1421,412,630,6,,,,957,775,6,1549,434,4
1422,409,629,6,,,,956,779,8,1548,434,4
1423,406,630,6,,,,956,785,7,,,
1424,,,,779,471,16,955,792,7,1254,562,7
1425,400,634,5,,,,956,801,6,1073,646,8
1426,394,638,6,,,,957,811,8,978,700,7
1427,389,643,6,,,,956,814,7,939,722,6
1428,386,649,5,778,470,15,955,811,8,938,723,6
1429,381,654,5,778,469,15,953,807,8,960,714,10
1430,376,652,6,778,468,16,953,802,9,991,699,9
1431,372,646,5,779,468,16,952,799,9,1025,683,9
1432,367,643,4,779,468,16,952,797,8,1055,670,9
1433,363,638,6,779,468,16,951,796,8,1081,662,8
1434,358,632,5,779,469,16,951,797,9,1102,657,8
1435,356,630,5,780,469,16,949,800,9,1119,654,9
1436,353,627,5,780,469,16,948,804,10,1131,656,7
1437,348,629,6,780,469,16,947,809,10,1142,658,8
1438,344,629,5,780,469,16,946,817,10,1150,663,8
1439,338,630,5,780,469,16,945,826,9,1156,669,7
1440,334,635,4,,,,944,835,10,1163,676,8
1441,331,640,5,780,469,16,946,836,5,1169,678,9
1442,326,643,4,780,469,16,945,834,10,1175,678,8
1443,324,646,4,780,469,16,944,832,9,1181,676,7
1444,321,644,4,780,469,16,943,828,9,1187,672,6
1445,317,642,6,780,469,16,939,826,9,1193,669,7
1446,313,637,5,780,468,16,938,828,6,1200,667,7
1447,309,631,5,779,468,16,938,828,7,1206,665,6
1448,304,630,5,779,468,16,,,,1213,665,5
1449,301,628,5,779,468,16,933,831,6,,,
1450,297,626,6,779,468,16,,,,1360,531,5
1451,295,629,4,779,468,16,1438,819,9,1451,447,5
1452,295,630,4,779,468,16,1757,811,9,1500,401,5
1453,297,631,4,779,467,16,1934,806,9,1521,380,6
1454,298,629,4,779,467,16,1976,795,7,1523,377,5
1455,,,,,,,1941,784,9,1515,383,5
1456,,,,696,635,5,,,,1502,393,5
1457,,,,,,,1308,734,7,1489,404,5
1458,,,,498,715,6,875,707,5,1477,415,5
1459,,,,,,,633,692,7,1468,423,5
1460,,,,606,615,16,495,687,7,1460,430,5
1461,,,,687,543,16,444,687,4,1455,435,5
1462,,,,742,494,16,,,,1452,438,5
1463,,,,777,464,16,564,749,5,1450,439,5
1464,,,,795,449,16,667,790,5,,,
1465,,,,803,444,16,745,811,10,1343,561,8
1466,,,,804,444,16,,,,1280,636,8
1467,,,,801,447,16,803,818,5,1249,677,8
1468,,,,797,451,16,840,820,6,1240,694,9
1469,,,,792,456,16,,,,1246,696,9
1470,,,,789,460,16,778,766,6,1259,689,8
1471,,,,785,463,16,738,730,7,1275,678,8
1472,,,,782,466,17,713,708,7,1291,666,8
1473,,,,780,467,17,702,695,4,1306,654,8
1474,,,,,,,694,688,4,1320,644,7
1475,,,,779,468,17,694,689,4,1331,637,8
1476,,,,778,470,16,699,691,5,1339,630,8
1477,,,,777,470,16,705,697,6,1338,625,5
1478,,,,777,469,16,713,701,5,1338,621,4
1479,,,,777,469,16,722,703,5,1340,619,4
1480,,,,778,468,16,730,705,6,1351,621,7
1481,,,,778,468,16,736,707,6,1360,627,7
1482,,,,778,467,16,,,,1367,637,7
1483,,,,778,467,16,770,775,10,1373,652,7
1484,,,,778,468,16,790,829,10,1378,668,6
1485,,,,778,469,16,,,,1378,691,12
1486,,,,777,470,16,765,781,6,1378,715,13
1487,278,611,4,777,470,16,749,746,6,1378,738,10
1488,263,605,4,778,469,17,737,723,5,1377,748,10
1489,,,,,,,,,,1378,746,8
1490,255,613,4,1028,507,4,1220,655,11,1379,732,9
1491,251,613,5,1185,538,4,1560,632,32,1379,713,9
1492,248,607,4,1273,561,4,1713,604,11,1380,693,8
1493,249,599,5,1312,573,4,1801,632,4,1380,675,9
1494,,,,1319,573,5,1832,642,13,1382,659,8
1495,,,,1309,565,4,1770,622,8,1383,648,8
1496,250,587,5,,,,,,,1385,642,8
1497,,,,1040,515,16,1254,726,9,1392,637,7
1498,,,,861,482,16,912,796,12,1397,638,9
1499,251,576,4,754,463,17,712,845,9,1401,643,9
1500,,,,699,453,16,610,874,9,1403,651,9
1501,,,,681,450,17,575,888,7,1405,660,9
1502,250,571,4,683,451,17,572,891,5,1407,671,10
1503,,,,697,453,17,,,,1409,685,10
1504,,,,715,457,17,1186,819,6,1410,699,9
1505,,,,732,460,17,1589,769,6,1411,715,8
1506,831,669,4,748,463,17,1829,737,6,1420,740,5
1507,1196,729,4,,,,1950,720,6,1421,748,6
1508,1398,761,4,383,407,4,1991,712,6,1426,751,4
1509,1486,775,4,154,372,4,1983,710,6,1430,744,4
1510,,,,,,,1951,712,6,1424,729,6
1511,,,,308,575,5,1909,715,6,1420,711,7
1512,,,,430,707,5,1867,719,6,1419,695,7
1513,,,,519,783,5,1831,723,6,1419,680,8
1514,,,,580,819,6,1803,726,6,1420,668,8
1515,,,,617,830,5,1782,727,4,1423,659,9
1516,913,691,4,,,,1768,729,6,1427,659,9
1517,518,634,5,,,,1758,730,4,1431,668,9
1518,269,598,5,,,,,,,1439,682,9
1519,130,579,4,,,,1001,758,9,1448,701,6
1520,67,575,5,,,,,,,1458,724,5
1521,54,581,4,,,,1279,748,5,1458,743,7
1522,67,592,4,,,,1490,741,6,1460,747,6
1523,,,,,,,1638,736,6,1465,738,8
1524,,,,639,826,5,1733,733,6,1472,724,8
1525,,,,648,814,5,1788,731,6,1479,706,7
1526,,,,648,799,6,1814,730,6,1486,693,8
1527,,,,,,,1821,730,6,,,
1528,,,,644,784,6,1817,729,4,1497,676,4
1529,,,,,,,1808,729,6,,,
1530,,,,,,,1796,730,6,1478,529,5
1531,,,,987,640,4,1786,730,6,1464,438,5
1532,,,,,,,1776,731,6,1455,389,5
1533,,,,852,679,5,1769,731,6,1450,369,5
1534,,,,749,708,5,1764,730,5,1448,367,5
1535,,,,677,729,5,,,,1447,375,5
1536,,,,,,,1718,762,14,1447,387,5
1537,,,,783,770,6,1682,727,13,1448,400,5
1538,,,,853,795,6,1711,727,6,,,
1539,,,,,,,1733,727,6,1506,411,4
1540,,,,894,808,6,1748,728,6,1542,419,4
1541,,,,,,,1758,728,6,1562,426,4
1542,,,,913,814,5,1763,728,5,1572,431,4
1543,,,,,,,1765,728,5,1574,434,4
1544,,,,886,764,5,1765,728,5,1572,436,4
1545,,,,,,,1765,728,5,1568,437,4
1546,,,,,,,1763,729,6,1563,437,4
1547,,,,895,780,4,1762,730,6,1559,437,4
1548,,,,,,,1761,731,6,1555,437,4
1549,,,,,,,1760,730,5,1552,437,4
1550,,,,,,,1759,730,6,1550,436,4
1551,,,,,,,1759,731,6,1549,436,4
1552,,,,,,,,,,1548,436,4
1553,,,,,,,1188,719,4,,,
1554,,,,,,,,,,1548,436,4
1555,,,,459,543,4,830,712,4,1548,436,4
1556,,,,182,394,4,,,,1548,435,4
1557,,,,27,311,4,1200,719,7,1548,435,4
1558,,,,-43,275,4,1471,725,7,1548,435,4
1559,,,,-59,268,4,1654,729,7,1548,435,4
1560,,,,-44,278,4,1766,731,6,1548,435,4
1561,,,,-13,295,4,1826,732,7,1548,435,4
1562,,,,20,314,4,1850,732,7,1548,435,4
1563,,,,53,331,4,1852,732,7,1548,435,4
1564,,,,80,345,4,1841,732,7,1549,435,4
1565,,,,,,,1824,732,6,1549,435,5
1566,,,,100,356,4,1806,731,7,1549,435,4
1567,,,,114,363,4,1790,731,7,1549,435,4
1568,,,,,,,1778,731,7,,,
1569,,,,,,,1768,731,7,1492,438,5
1570,,,,,,,1763,732,6,1457,439,5
1571,,,,,,,,,,1437,440,5
1572,,,,,,,1352,653,6,1428,441,5
1573,,,,,,,1094,603,7,1427,441,5
1574,,,,,,,951,576,6,1429,440,5
1575,,,,,,,,,,1433,440,5
1576,,,,,,,720,708,6,1438,440,5
1577,,,,,,,606,795,7,1443,440,5
1578,,,,761,451,4,568,846,6,1446,440,5
1579,,,,1166,505,4,578,870,7,1449,440,5
1580,,,,1391,536,4,612,876,7,1451,440,5
1581,,,,1488,549,4,655,872,7,1452,440,5
1582,,,,1504,551,4,698,862,7,1453,439,5
1583,,,,1474,546,4,736,850,7,,,
1584,,,,1423,539,4,767,838,7,1455,555,9
1585,,,,1366,530,4,790,827,7,1455,626,9
1586,,,,1315,522,4,805,818,8,1452,664,9
1587,,,,1272,516,4,816,810,8,1448,678,9
1588,,,,1239,511,5,823,802,7,1443,677,9
1589,,,,1216,506,4,827,796,6,1439,669,9
1590,,,,1200,504,4,830,789,6,1434,655,9
1591,,,,1189,502,4,823,779,7,1428,637,9
1592,,,,,,,819,768,6,1423,621,9
1593,,,,1183,500,4,817,756,6,1419,603,8
1594,,,,,,,816,742,5,1415,584,8
1595,,,,,,,816,728,6,1413,566,8
1596,,,,,,,823,711,8,1411,549,8
1597,,,,872,650,4,827,696,9,1410,535,8
1598,,,,678,744,4,829,683,11,1409,523,9
1599,,,,572,797,4,832,671,10,1407,513,8
1600,,,,,,,834,662,11,1406,506,8
1601,,,,592,650,16,835,656,11,1405,501,9
1602,,,,627,548,16,834,652,11,1403,498,9
1603,,,,665,483,16,833,648,10,1402,495,9
1604,,,,701,446,17,832,647,10,1401,495,8
1605,,,,729,429,16,832,648,10,1399,496,9
1606,,,,,,,831,650,11,1398,499,8
1607,99,531,4,370,368,4,835,649,10,1392,499,6
1608,134,494,4,145,337,4,843,637,15,1363,489,7
1609,166,475,4,22,324,4,852,618,7,1319,471,10
1610,,,,-29,324,4,866,598,6,,,
1611,,,,-37,330,4,882,577,6,1382,445,5
1612,,,,-20,339,4,898,559,6,1424,430,5
1613,,,,8,348,4,915,546,7,1451,423,5
1614,240,446,6,39,356,4,930,535,8,1466,422,5
1615,300,430,6,67,363,4,942,526,8,1472,423,5
1616,348,421,5,91,368,4,953,520,9,1473,425,5
1617,383,419,4,108,371,4,963,517,9,1471,428,5
1618,,,,121,373,4,971,514,9,1467,431,5
1619,422,416,7,128,374,4,979,513,8,1463,434,5
1620,451,418,6,132,375,4,985,512,8,1460,436,5
1621,475,422,6,,,,990,512,8,1457,437,5
1622,494,425,6,134,375,4,996,513,7,1455,438,5
1623,513,429,6,134,375,4,1002,516,7,1454,439,5
1624,530,432,7,134,375,4,1007,520,7,1453,439,5
1625,546,435,7,133,374,4,1012,523,7,,,
1626,564,441,6,132,374,4,1016,527,7,1080,423,9
1627,582,445,6,132,374,4,1020,532,7,834,415,9
1628,601,451,5,131,373,4,1023,538,7,686,414,8
1629,,,,130,373,4,1027,544,7,608,417,8
1630,,,,130,372,4,1030,551,6,579,423,5
1631,646,467,5,130,372,4,,,,575,430,4
1632,683,479,7,129,372,4,751,691,10,580,443,6
1633,,,,129,372,4,576,776,8,591,455,6
1634,,,,129,372,4,481,822,8,602,466,6
1635,,,,129,372,4,441,841,6,611,477,7
1636,,,,,,,437,844,6,617,487,4
1637,764,518,8,719,540,6,453,838,4,618,498,8
1638,822,549,7,1086,645,5,,,,614,510,5
1639,865,576,7,1285,704,4,763,734,5,606,524,5
1640,896,599,7,,,,970,671,4,,,
1641,920,621,8,1250,627,4,1094,639,6,1093,484,5
1642,940,642,11,1180,580,5,1156,622,6,1402,457,5
1643,958,663,7,1097,554,6,1174,609,6,1575,440,5
1644,973,682,7,1019,546,5,1165,597,6,1653,430,5
1645,976,676,6,,,,1143,585,4,1669,426,5
1646,970,655,6,522,444,4,1121,576,7,1650,426,5
1647,963,624,9,203,380,4,1095,566,5,1615,427,5
1648,954,593,7,22,345,4,1071,556,5,1575,429,5
1649,945,563,5,-61,329,4,,,,1538,432,5
1650,937,536,5,-82,326,4,1050,540,5,1507,434,5
1651,933,512,9,-66,330,4,1033,528,6,1483,436,5
1652,929,492,7,-32,338,4,1021,519,6,,,
1653,926,476,5,6,346,4,1012,510,6,946,423,6
1654,923,462,5,43,354,4,1005,504,5,608,411,6
1655,924,450,8,74,361,4,1000,499,5,419,400,5
1656,923,441,6,97,366,4,996,495,5,334,390,6
1657,923,433,8,114,369,4,993,491,5,316,382,6
1658,924,425,9,125,372,4,989,488,6,337,376,5
1659,924,419,9,132,373,4,986,486,5,375,372,5
1660,923,415,8,,,,983,485,6,417,369,6
1661,922,411,6,135,374,4,979,484,4,456,367,6
1662,920,408,6,136,374,4,976,483,6,489,367,5
1663,920,406,5,136,374,4,973,483,6,514,367,6
1664,919,405,6,135,374,4,969,484,6,530,367,6
1665,919,406,6,134,373,4,965,485,5,540,370,5
1666,920,408,8,132,373,4,961,488,5,546,373,6
1667,921,409,8,131,373,4,957,491,5,548,376,5
1668,920,412,5,131,373,4,954,494,5,547,380,6
1669,920,416,6,130,373,4,950,499,5,545,385,5
1670,918,421,6,130,373,4,946,503,5,543,391,5
1671,919,427,9,129,372,4,942,508,5,540,397,5
1672,918,432,6,129,372,4,938,514,5,537,403,5
1673,918,440,6,129,372,4,934,521,6,534,411,5
1674,918,448,7,129,372,4,929,528,4,533,421,4
1675,919,457,8,,,,926,536,5,531,434,4
1676,917,466,5,666,371,5,922,546,5,529,442,5
1677,917,476,6,1007,374,5,,,,527,452,5
1678,917,488,6,1199,383,7,814,713,8,526,466,5
1679,916,498,4,1288,393,6,747,817,7,,,
1680,915,510,4,1311,407,5,,,,524,485,5
1681,915,524,5,1296,422,6,803,740,5,521,503,5
1682,914,539,6,1263,439,7,846,677,4,519,510,6
1683,,,,1225,456,8,,,,516,503,4
1684,916,554,7,1191,473,7,693,656,5,514,486,4
1685,918,552,7,1162,489,9,598,642,5,512,463,4
1686,921,539,5,1141,506,7,546,633,5,510,439,4
1687,923,516,5,1127,514,9,524,628,5,508,414,4
1688,924,490,6,1118,502,10,520,625,5,505,390,5
1689,925,464,8,1113,477,10,527,625,5,502,370,5
1690,925,441,4,1115,447,7,539,625,5,499,353,5
1691,925,420,4,,,,553,626,5,496,339,6
1692,925,402,4,536,397,4,565,627,5,493,326,6
1693,928,385,7,171,367,4,575,628,5,489,315,5
1694,933,370,5,-30,351,4,582,629,5,487,305,6
1695,932,359,5,-118,346,4,587,630,5,485,297,6
1696,934,350,6,-134,346,4,591,630,5,484,290,6
1697,933,341,5,-109,350,4,593,630,5,482,286,5
1698,,,,-65,354,4,,,,,,
1699,935,329,8,-17,359,4,1214,635,4,1049,366,5
1700,938,321,6,27,364,4,1602,641,35,1407,419,5
1701,939,315,6,65,367,4,1885,695,5,1605,449,5
1702,940,311,7,93,370,4,2021,729,5,1693,465,5
1703,941,308,7,113,371,4,2061,747,5,1709,470,5
1704,941,309,5,126,372,4,2045,756,6,1686,468,5
1705,940,309,5,133,373,4,1999,757,5,1643,464,5
1706,943,309,8,,,,1944,755,6,1595,458,5
1707,945,311,7,137,373,4,1890,750,6,1552,453,5
1708,947,313,8,138,373,4,1845,745,6,1515,448,5
1709,947,315,8,137,373,4,1809,740,4,1487,444,5
1710,948,319,8,136,373,4,1784,736,6,1468,441,5
1711,948,324,8,134,373,4,1768,734,6,1455,439,5
1712,949,329,8,133,373,4,1757,731,5,1448,438,5
1713,950,336,6,132,373,4,1751,729,5,,,
1714,951,343,6,131,373,4,1750,728,5,860,364,5
1715,952,349,6,130,373,4,,,,491,323,5
1716,952,357,6,130,373,4,1211,564,5,286,307,5
1717,953,366,5,129,372,4,873,467,5,197,307,5
1718,952,378,5,129,372,4,686,418,5,180,318,6
1719,951,388,4,129,372,4,604,402,6,205,334,6
1720,951,399,4,129,372,4,589,410,4,250,355,7
1721,,,,,,,611,430,4,300,376,5
1722,955,417,4,760,332,8,651,456,7,346,399,6
1723,958,437,9,1156,314,7,695,484,6,383,422,6
1724,956,456,4,1377,313,7,724,507,8,414,437,7
1725,,,,1476,321,4,737,526,8,443,448,6
1726,,,,1496,337,6,741,540,6,464,457,7
1727,,,,1472,359,6,730,551,7,480,467,9
1728,923,482,5,,,,710,562,8,490,477,10
1729,,,,790,372,4,683,572,11,501,489,7
1730,,,,337,378,4,652,584,11,509,502,7
1731,,,,67,381,4,597,622,5,516,518,8
1732,857,512,5,-71,382,4,566,643,5,521,536,10
1733,,,,-120,381,4,553,653,5,528,561,7
1734,800,536,4,-114,379,4,550,655,5,534,587,10
1735,,,,-81,377,4,555,653,5,543,615,9
1736,,,,-36,376,4,561,650,5,549,650,9
1737,,,,9,375,4,569,645,5,554,685,10
1738,,,,49,374,4,576,641,5,557,726,8
1739,,,,81,373,4,582,637,5,565,768,12
1740,,,,104,373,4,586,634,5,574,814,7
1741,,,,120,372,4,589,632,5,,,
1742,,,,129,372,4,591,631,5,1097,628,5
1743,,,,,,,592,630,5,1424,504,5
1744,,,,134,372,4,593,630,5,1604,429,5
1745,,,,136,372,4,,,,1682,389,5
1746,,,,136,372,4,349,691,16,1694,374,5
1747,,,,135,372,4,159,713,15,1670,374,5
1748,,,,134,372,4,,,,1629,383,5
1749,,,,132,372,4,331,679,5,1585,394,5
1750,,,,132,372,4,457,655,5,1544,407,5
1751,,,,131,372,4,542,639,5,1510,417,5
1752,,,,131,372,4,594,629,5,1484,426,5
1753,,,,130,373,4,622,624,5,1466,432,5
1754,,,,130,373,4,633,622,5,1455,436,5
1755,,,,130,373,4,634,622,5,1448,438,5
1756,,,,129,373,4,629,623,5,,,
1757,,,,129,373,4,621,625,5,985,577,14
1758,,,,,,,614,626,5,704,670,9
1759,,,,129,373,4,607,628,5,553,728,13
1760,,,,129,373,4,600,629,5,501,765,7
1761,,,,129,373,4,596,630,5,501,789,13
1762,,,,129,373,4,593,630,5,526,809,6
1763,,,,129,373,4,,,,580,829,11
1764,,,,129,373,4,592,630,5,,,
1765,,,,129,372,4,591,631,5,1048,632,5
1766,,,,129,372,4,590,631,5,1352,501,5
1767,,,,129,372,4,590,631,5,1529,423,5
1768,,,,129,372,4,590,631,5,1614,383,5
1769,,,,130,372,4,591,631,5,1640,369,5
1770,,,,130,372,4,591,631,5,1629,370,5
1771,,,,130,372,4,591,631,5,1601,379,5
1772,,,,130,372,4,591,631,5,1567,392,5
1773,,,,,,,591,630,5,1534,405,5
1774,,,,130,372,4,590,630,5,1505,416,5
1775,,,,130,372,4,590,630,5,1483,426,5
1776,,,,130,372,4,591,630,5,1468,432,5
1777,,,,130,372,4,591,630,5,1458,436,6
1778,,,,130,372,4,,,,1451,439,5
1779,,,,130,373,4,641,674,4,,,
1780,,,,130,373,4,,,,1447,441,5
1781,,,,129,373,4,1249,665,4,1446,442,5
1782,,,,129,373,4,1628,659,35,1446,442,5
1783,,,,129,373,4,1918,750,9,1447,442,5
1784,,,,129,373,4,2059,806,9,1448,441,5
1785,,,,129,373,4,2102,837,9,1449,441,5
1786,,,,129,373,4,2086,850,8,1450,440,5
1787,,,,129,373,4,2040,852,9,1450,440,5
1788,,,,,,,1984,847,9,1451,440,5
1789,,,,129,373,4,1930,840,9,1451,440,5
1790,,,,129,373,4,1849,824,7,1451,439,5
1791,,,,129,372,4,1763,805,8,1452,439,5
1792,,,,129,372,4,1706,793,12,1452,439,5
1793,,,,129,372,4,1673,785,12,1452,439,5
1794,,,,129,372,4,1657,781,12,,,
1795,,,,130,372,4,1653,779,12,1452,439,5
1796,,,,130,372,4,1655,779,12,1452,439,5
1797,,,,130,372,4,1659,779,12,1452,439,5
1798,,,,130,372,4,1665,780,12,1452,438,6
1799,,,,130,372,4,1671,781,12,1453,438,6
1800,,,,130,373,4,1676,782,12,1453,438,6
1801,,,,130,373,4,1663,780,17,1453,439,5
1802,,,,130,373,4,1680,817,6,1453,439,5
1803,,,,,,,,,,1453,440,5
1804,,,,130,373,4,933,767,6,1453,440,5
1805,,,,130,373,4,443,745,8,1453,440,5
1806,,,,130,373,4,190,721,8,1453,440,5
1807,,,,129,373,4,83,708,5,1453,440,5
1808,,,,129,373,4,48,714,4,1452,440,4
1809,,,,129,373,4,57,720,12,,,
1810,,,,129,373,4,53,737,5,1452,439,5
1811,,,,129,373,4,77,741,41,1452,439,5
1812,,,,129,372,4,196,729,6,1451,439,5
1813,,,,129,372,4,287,721,6,1451,439,5
1814,,,,129,372,4,352,716,5,1451,439,5
1815,,,,129,372,4,395,714,6,1451,440,5
1816,,,,130,372,4,420,714,5,1451,440,5
1817,,,,130,372,4,413,726,6,1451,440,5
1818,,,,,,,423,722,7,1451,440,5
1819,,,,130,372,4,426,720,7,1451,440,5
1820,,,,130,372,4,427,719,6,1452,440,5
1821,,,,130,372,4,,,,1452,440,5
1822,,,,130,373,4,589,722,4,1452,440,5
1823,,,,130,373,4,686,724,4,1452,440,5
1824,,,,130,373,4,,,,,,
1825,,,,130,373,4,771,770,9,1452,440,5
1826,,,,130,373,4,812,798,12,1451,440,5
1827,,,,130,373,4,824,811,10,1451,439,5
1828,,,,129,373,4,819,817,9,1451,439,5
1829,,,,129,373,4,805,818,9,1451,439,5
1830,,,,129,373,4,786,816,7,1451,439,5
1831,,,,129,373,4,,,,1451,439,5
1832,,,,129,373,4,1334,720,5,1451,439,5
1833,,,,,,,1661,662,29,1451,439,5
1834,,,,129,372,4,1891,676,4,1451,439,5
1835,,,,129,373,4,1999,690,4,1451,439,5
1836,,,,130,373,4,2026,703,4,1452,439,5
1837,,,,131,374,4,2008,715,7,1452,439,5
1838,,,,132,374,4,1966,721,4,1453,440,5
1839,,,,132,374,4,1918,727,7,,,
1840,,,,132,375,5,1872,731,7,1453,440,5
1841,,,,133,375,4,1833,734,7,1453,440,5
1842,,,,133,376,5,1803,735,7,1453,440,5
1843,,,,134,377,4,1781,735,7,1453,440,5
1844,,,,135,379,4,1767,734,7,1453,440,5
1845,,,,,,,1758,733,7,1453,440,5
1846,,,,287,574,5,1754,732,7,1453,440,5
1847,,,,383,696,5,1752,731,7,1453,440,5
1848,,,,436,764,5,,,,,,
1849,,,,459,794,5,1129,765,6,1508,437,4
1850,,,,464,799,5,,,,1543,435,4
1851,,,,457,791,5,674,693,4,1563,434,4
1852,,,,445,776,5,419,647,4,1571,433,4
1853,,,,432,759,5,303,619,4,1573,433,4
1854,,,,,,,277,606,4,1571,433,4
1855,,,,270,551,5,303,602,4,1566,433,4
1856,,,,166,418,5,354,603,4,1563,434,4
1857,,,,106,342,5,411,608,4,1559,435,4
1858,,,,77,306,5,465,613,4,1555,435,4
1859,,,,70,296,5,511,618,4,1552,436,4
1860,,,,74,302,5,545,622,4,1550,436,4
1861,,,,85,315,5,570,626,4,1549,436,4
1862,,,,97,331,5,586,628,4,1548,436,4
1863,,,,109,346,5,595,630,4,,,
1864,,,,119,359,5,600,631,4,1491,437,5
1865,,,,127,369,4,,,,1455,439,5
1866,,,,132,377,5,601,631,4,1435,439,5
1867,,,,136,382,4,601,631,4,1426,439,5
1868,,,,138,385,4,599,631,4,1425,439,5
1869,,,,,,,598,631,4,1428,439,5
1870,,,,139,387,4,596,631,4,1432,439,5
1871,,,,140,389,4,594,631,4,1437,439,5
1872,,,,140,389,4,593,631,4,1441,439,5
1873,,,,139,388,4,592,631,4,1445,439,5
1874,,,,139,388,4,592,630,4,1448,439,5
1875,,,,138,387,4,591,630,4,,,
1876,,,,138,387,4,591,630,4,1507,437,4
1877,,,,138,386,4,591,630,4,1544,436,4
1878,,,,138,386,4,591,630,4,1565,435,4
1879,,,,138,386,4,591,630,4,1574,435,4
1880,,,,137,386,4,,,,1575,435,4
1881,,,,138,386,5,607,703,4,1573,435,4
1882,,,,138,386,5,,,,1568,435,4
1883,,,,139,385,5,601,676,4,1563,435,4
1884,,,,,,,597,656,4,1559,435,4
1885,,,,139,385,5,594,642,4,1556,435,4
1886,,,,139,385,5,592,633,4,1553,435,4
1887,,,,139,385,5,591,627,4,1551,435,4
1888,,,,139,385,4,590,625,4,1549,435,4
1889,,,,139,385,4,590,624,4,1548,436,4
1890,,,,139,385,4,590,625,4,,,
1891,,,,138,385,4,591,626,4,1548,436,4
1892,,,,138,385,4,591,627,4,1548,436,4
1893,,,,137,385,4,591,628,4,1549,436,4
1894,,,,137,385,4,591,629,4,1549,436,4
1895,,,,137,385,4,591,630,4,1549,436,4
1896,,,,137,384,4,591,630,4,1548,436,4
1897,,,,137,383,4,,,,1548,436,4
1898,,,,137,381,4,591,630,4,1548,436,4
1899,,,,,,,591,631,4,1548,436,4
1900,,,,515,431,16,591,631,4,1548,436,4
1901,,,,,,,591,631,4,1548,435,4
1902,,,,751,463,16,591,631,4,1549,435,4
1903,,,,883,480,16,591,631,4,1549,435,4
1904,,,,940,489,17,591,631,4,1549,435,4
1905,,,,951,491,17,591,631,4,,,
1906,,,,934,489,17,591,631,4,1549,435,4
1907,,,,906,486,17,591,631,4,1549,435,4
1908,,,,,,,592,631,4,1548,435,4
1909,,,,,,,592,631,4,1548,435,4
1910,,,,1324,523,4,592,631,5,1548,435,4
1911,,,,,,,592,631,5,1548,435,4
1912,,,,,,,,,,1548,435,4
1913,,,,,,,673,675,6,1548,435,4
1914,,,,1128,503,17,725,705,6,1549,436,4
1915,,,,977,488,17,756,720,5,1549,436,4
1916,,,,871,477,17,770,727,5,1550,436,4
1917,,,,802,470,17,762,728,4,1550,436,4
1918,,,,762,466,17,753,726,6,1550,436,4
1919,,,,742,464,17,756,723,7,1550,436,4
1920,,,,736,464,17,756,720,6,,,
1921,,,,738,464,17,755,717,6,1550,436,4
1922,,,,745,464,17,744,712,5,1549,436,4
1923,,,,752,465,17,,,,1549,436,4
1924,,,,760,466,17,656,665,4,1549,436,4
1925,,,,766,466,17,600,635,4,1549,436,4
1926,,,,771,467,17,568,618,4,1550,435,4
1927,,,,775,467,17,554,611,4,1550,435,4
1928,,,,,,,551,609,4,1550,435,4
1929,,,,777,467,17,555,611,4,1550,435,4
1930,,,,779,467,17,561,614,4,1549,435,4
1931,,,,780,468,17,568,618,4,1549,435,4
1932,,,,780,468,17,575,622,4,1548,435,4
1933,,,,780,468,17,581,625,4,1548,435,4
1934,,,,780,468,17,585,628,4,1548,435,4
1935,,,,779,468,17,588,629,4,,,
1936,,,,779,468,17,590,630,4,1491,438,5
1937,,,,779,468,17,591,631,4,1455,439,5
1938,,,,778,468,16,,,,1436,440,5
1939,,,,778,468,17,592,631,4,1428,440,6
1940,,,,778,469,16,592,631,4,1426,440,6
1941,,,,777,469,16,592,631,4,1429,439,6
1942,,,,777,469,16,591,631,4,1433,439,6
1943,,,,,,,591,630,4,1438,439,6
1944,,,,778,468,17,590,630,4,1443,439,6
1945,,,,778,468,17,590,630,4,1446,439,6
1946,,,,778,467,16,590,630,4,1448,439,5
1947,,,,779,467,16,590,629,4,1450,439,5
1948,,,,779,467,16,589,629,4,1451,440,5
1949,,,,779,467,16,589,629,4,1452,440,5
1950,,,,779,467,16,589,629,4,,,
1951,,,,,,,589,629,4,,,
1952,,,,,,,589,630,4,1452,440,5
1953,,,,,,,,,,1452,440,5
1954,,,,,,,1277,688,5,1452,440,5
1955,,,,,,,1709,726,7,1452,440,5
1956,,,,,,,1949,747,7,1452,440,5
1957,,,,,,,2054,756,6,1452,440,5
1958,,,,,,,2074,758,7,1452,440,5
1959,,,,,,,2045,755,6,1452,440,5
1960,,,,,,,1992,750,5,1452,439,5
1961,,,,,,,1934,745,6,1452,439,5
1962,,,,,,,1881,740,5,1453,439,5
1963,,,,,,,1837,736,6,1453,438,5
1964,,,,,,,1803,733,5,1453,438,5
1965,,,,,,,1779,730,5,1453,438,5
1966,,,,,,,1764,730,6,,,
1967,,,,,,,1755,728,5,1453,438,5
1968,,,,724,640,6,,,,1453,438,5
1969,,,,690,748,6,1245,727,5,1453,438,5
1970,,,,,,,928,727,4,1453,438,5
1971,,,,,,,,,,1453,438,5
1972,,,,,,,755,726,4,1453,438,5
1973,,,,,,,682,726,4,1453,439,5
1974,,,,,,,671,726,4,1452,439,5
1975,,,,725,637,16,696,726,4,1452,439,5
1976,,,,,,,,,,1452,439,5
1977,,,,,,,550,670,4,1452,439,5
1978,,,,751,556,16,477,635,4,1452,439,5
1979,,,,769,501,16,451,615,4,1452,438,5
1980,,,,779,467,16,456,607,4,1452,438,5
1981,,,,785,449,16,475,605,4,,,
1982,,,,787,441,16,500,607,4,1452,439,5
1983,,,,787,441,16,526,612,4,1452,439,5
1984,,,,786,444,16,547,616,4,1452,440,5
1985,,,,785,449,16,565,621,4,1452,440,5
1986,,,,783,455,16,577,625,4,1453,440,5
1987,,,,782,460,16,586,628,4,1453,439,5
1988,,,,780,464,16,591,629,4,,,
1989,,,,780,466,16,594,630,4,1509,437,4
1990,,,,779,468,17,595,631,5,1544,436,4
1991,,,,,,,,,,1564,435,4
1992,,,,779,469,17,595,631,4,1573,435,4
1993,,,,778,469,17,595,631,4,1574,434,4
1994,,,,778,469,17,594,631,5,1572,435,4
1995,,,,778,469,17,593,631,4,1568,435,4
1996,,,,778,469,17,592,631,5,1563,435,4
1997,,,,778,469,17,591,631,4,1558,435,4
1998,,,,778,469,17,591,631,4,1555,435,4
1999,,,,778,469,17,591,631,4,1552,435,4
2000,,,,778,469,17,590,631,4,1550,435,4
